-- phpMyAdmin SQL Dump
-- version 4.5.4.1deb2ubuntu2.1
-- http://www.phpmyadmin.net
--
-- Host: localhost
-- Generation Time: Aug 21, 2019 at 11:36 PM
-- Server version: 5.7.27-0ubuntu0.16.04.1
-- PHP Version: 7.0.33-0ubuntu0.16.04.6

SET SQL_MODE = "NO_AUTO_VALUE_ON_ZERO";
SET time_zone = "+00:00";


/*!40101 SET @OLD_CHARACTER_SET_CLIENT=@@CHARACTER_SET_CLIENT */;
/*!40101 SET @OLD_CHARACTER_SET_RESULTS=@@CHARACTER_SET_RESULTS */;
/*!40101 SET @OLD_COLLATION_CONNECTION=@@COLLATION_CONNECTION */;
/*!40101 SET NAMES utf8mb4 */;

--
-- Database: `personal_db`
--

-- --------------------------------------------------------

--
-- Table structure for table `category`
--

CREATE TABLE `category` (
  `id` int(10) UNSIGNED NOT NULL,
  `name` varchar(255) COLLATE utf8mb4_unicode_ci NOT NULL,
  `created_at` timestamp NULL DEFAULT NULL,
  `updated_at` timestamp NULL DEFAULT NULL
) ENGINE=InnoDB DEFAULT CHARSET=utf8mb4 COLLATE=utf8mb4_unicode_ci;

--
-- Dumping data for table `category`
--

INSERT INTO `category` (`id`, `name`, `created_at`, `updated_at`) VALUES
(1, 'Transportation', NULL, NULL),
(2, 'Food', NULL, NULL),
(3, 'Personal', NULL, NULL),
(4, 'Others', NULL, NULL);

-- --------------------------------------------------------

--
-- Table structure for table `expenses`
--

CREATE TABLE `expenses` (
  `id` int(10) UNSIGNED NOT NULL,
  `full_date` date NOT NULL,
  `user_id` int(11) NOT NULL,
  `day` int(11) NOT NULL,
  `month` int(11) NOT NULL,
  `year` int(11) NOT NULL,
  `category` varchar(255) COLLATE utf8mb4_unicode_ci DEFAULT NULL,
  `category_id` int(11) NOT NULL DEFAULT '0',
  `description` varchar(255) COLLATE utf8mb4_unicode_ci NOT NULL DEFAULT 'None',
  `value` int(11) NOT NULL DEFAULT '0',
  `created_at` timestamp NULL DEFAULT NULL,
  `updated_at` timestamp NULL DEFAULT NULL
) ENGINE=InnoDB DEFAULT CHARSET=utf8mb4 COLLATE=utf8mb4_unicode_ci;

--
-- Dumping data for table `expenses`
--

INSERT INTO `expenses` (`id`, `full_date`, `user_id`, `day`, `month`, `year`, `category`, `category_id`, `description`, `value`, `created_at`, `updated_at`) VALUES
(17, '2018-10-30', 1, 30, 10, 2018, NULL, 0, 'overall expenses until this day', 32645, '2018-10-30 00:09:24', '2018-10-30 00:09:24'),
(18, '2018-10-30', 1, 30, 10, 2018, NULL, 0, 'lunch', 168, '2018-10-30 10:26:15', '2018-10-30 10:26:15'),
(19, '2018-10-29', 1, 29, 10, 2018, NULL, 0, 'snack', 100, '2018-10-30 10:26:25', '2018-10-30 10:26:25'),
(20, '2018-10-30', 1, 30, 10, 2018, NULL, 0, 'snack', 56, '2018-10-30 10:26:47', '2018-10-30 10:26:47'),
(21, '2018-10-30', 1, 30, 10, 2018, NULL, 0, 'fare', 61, '2018-10-31 01:10:07', '2018-10-31 01:10:07'),
(22, '2018-10-30', 1, 30, 10, 2018, NULL, 0, 'taxi', 50, '2018-10-31 01:10:16', '2018-10-31 01:10:16'),
(23, '2018-10-30', 1, 30, 10, 2018, NULL, 0, 'potato fries', 220, '2018-10-31 01:10:24', '2018-10-31 01:10:24'),
(24, '2018-10-31', 1, 31, 10, 2018, NULL, 0, 'fare', 19, '2018-10-31 01:10:30', '2018-10-31 01:10:30'),
(25, '2018-10-31', 1, 31, 10, 2018, NULL, 0, 'lunch', 62, '2018-10-31 04:10:41', '2018-10-31 04:10:41'),
(26, '2018-10-31', 1, 31, 10, 2018, NULL, 0, 'noelou borrowed', 500, '2018-10-31 04:49:23', '2018-10-31 04:49:23'),
(27, '2018-10-31', 1, 31, 10, 2018, NULL, 0, 'snack', 28, '2018-10-31 11:47:46', '2018-10-31 11:47:46'),
(28, '2018-10-31', 1, 31, 10, 2018, NULL, 0, 'dinner', 85, '2018-10-31 11:48:01', '2018-10-31 11:48:01'),
(29, '2018-10-31', 1, 31, 10, 2018, NULL, 0, 'fare', 40, '2018-11-01 12:21:13', '2018-11-01 12:21:13'),
(30, '2018-10-31', 1, 31, 10, 2018, NULL, 0, 'taxi', 180, '2018-11-01 12:21:20', '2018-11-01 12:21:20'),
(31, '2018-11-01', 1, 1, 11, 2018, NULL, 1, 'fare', 36, '2018-11-01 12:21:56', '2018-11-03 07:25:07'),
(32, '2018-11-01', 1, 1, 11, 2018, NULL, 2, 'lunch', 124, '2018-11-01 12:24:17', '2018-11-03 07:25:40'),
(33, '2018-11-01', 1, 1, 11, 2018, NULL, 3, 'movie', 380, '2018-11-01 12:24:37', '2018-11-03 07:26:03'),
(34, '2018-11-01', 1, 1, 11, 2018, NULL, 2, 'snack', 225, '2018-11-01 12:25:02', '2018-11-03 07:26:14'),
(35, '2018-11-01', 1, 1, 11, 2018, NULL, 3, 'scarf-2', 400, '2018-11-01 12:26:09', '2018-11-03 07:26:19'),
(36, '2018-11-01', 1, 1, 11, 2018, NULL, 3, 'S-jeans', 400, '2018-11-01 12:26:45', '2018-11-03 07:26:27'),
(37, '2018-11-01', 1, 1, 11, 2018, NULL, 3, 'jeans', 1100, '2018-11-01 12:27:00', '2018-11-03 07:26:37'),
(38, '2018-11-01', 1, 1, 11, 2018, NULL, 3, 'umbrella', 140, '2018-11-01 12:28:29', '2018-11-03 07:27:25'),
(39, '2018-11-01', 1, 1, 11, 2018, NULL, 3, 'church', 50, '2018-11-01 12:35:40', '2018-11-03 07:27:32'),
(40, '2018-11-01', 1, 1, 11, 2018, NULL, 1, 'taxi', 171, '2018-11-01 12:39:15', '2018-11-03 07:27:38'),
(41, '2018-11-01', 1, 1, 11, 2018, NULL, 1, 'fare', 40, '2018-11-01 12:39:29', '2018-11-03 07:27:45'),
(42, '2018-11-01', 1, 1, 11, 2018, NULL, 4, 'bpi service charge', 255, '2018-11-01 12:45:07', '2018-11-03 07:27:52'),
(43, '2018-11-02', 1, 2, 11, 2018, NULL, 1, 'fare', 8, '2018-11-02 01:30:13', '2018-11-03 07:32:10'),
(44, '2018-11-02', 1, 2, 11, 2018, NULL, 1, 'taxi', 101, '2018-11-02 01:30:21', '2018-11-03 07:32:18'),
(45, '2018-11-02', 1, 2, 11, 2018, NULL, 1, 'fare', 14, '2018-11-02 01:30:27', '2018-11-03 07:38:35'),
(46, '2018-11-02', 1, 2, 11, 2018, NULL, 2, 'tea', 160, '2018-11-02 06:12:06', '2018-11-03 07:38:41'),
(47, '2018-11-02', 1, 2, 11, 2018, NULL, 1, 'lunch', 77, '2018-11-02 06:12:19', '2018-11-03 07:38:46'),
(48, '2018-11-02', 1, 2, 11, 2018, NULL, 2, 'breakfast', 35, '2018-11-02 06:12:35', '2018-11-03 07:43:27'),
(49, '2018-11-02', 1, 2, 11, 2018, NULL, 4, 'gas', 100, '2018-11-02 06:12:40', '2018-11-03 07:43:33'),
(50, '2018-11-02', 1, 2, 11, 2018, NULL, 1, 'fare', 14, '2018-11-03 01:09:55', '2018-11-03 07:43:39'),
(51, '2018-11-02', 1, 2, 11, 2018, NULL, 3, 'grocery', 530, '2018-11-03 01:10:21', '2018-11-03 07:43:46'),
(52, '2018-11-02', 1, 2, 11, 2018, NULL, 1, 'fare', 34, '2018-11-03 01:10:51', '2018-11-03 07:44:12'),
(53, '2018-11-02', 1, 2, 11, 2018, NULL, 2, 'snack', 36, '2018-11-03 01:11:02', '2018-11-03 07:46:23'),
(54, '2018-11-03', 1, 3, 11, 2018, NULL, 2, 'lunch', 55, '2018-11-03 06:14:32', '2018-11-03 07:46:29'),
(55, '2018-11-03', 1, 3, 11, 2018, NULL, 1, 'fare', 12, '2018-11-04 06:55:39', '2018-11-04 06:55:39'),
(56, '2018-11-03', 1, 3, 11, 2018, NULL, 1, 'fare', 20, '2018-11-04 06:55:51', '2018-11-04 06:55:51'),
(57, '2018-11-03', 1, 3, 11, 2018, NULL, 2, 'dinner', 324, '2018-11-04 06:56:24', '2018-11-04 06:56:24'),
(58, '2018-11-03', 1, 3, 11, 2018, NULL, 1, 'fare', 50, '2018-11-04 06:56:44', '2018-11-04 06:56:44'),
(59, '2018-11-03', 1, 3, 11, 2018, NULL, 1, 'fare', 14, '2018-11-04 06:56:58', '2018-11-04 06:56:58'),
(60, '2018-11-04', 1, 4, 11, 2018, NULL, 2, 'lunch', 195, '2018-11-04 06:57:25', '2018-11-04 06:57:25'),
(61, '2018-11-04', 1, 4, 11, 2018, NULL, 3, 'shopping', 120, '2018-11-04 06:58:25', '2018-11-04 06:58:25'),
(62, '2018-11-04', 1, 4, 11, 2018, NULL, 1, 'fare', 21, '2018-11-04 06:58:32', '2018-11-04 06:58:32'),
(63, '2018-11-03', 1, 3, 11, 2018, NULL, 3, 'paid MC for apartment rental', 4500, '2018-11-04 06:59:13', '2018-11-04 06:59:13'),
(64, '2018-11-05', 1, 5, 11, 2018, NULL, 3, 'muay thai monthly', 1850, '2018-11-05 01:57:23', '2018-11-05 01:57:23'),
(65, '2018-11-05', 1, 5, 11, 2018, NULL, 2, 'lemon juice', 25, '2018-11-05 01:57:37', '2018-11-05 01:57:37'),
(66, '2018-11-05', 1, 5, 11, 2018, NULL, 2, 'breakfast', 62, '2018-11-05 02:09:35', '2018-11-05 02:09:35'),
(67, '2018-11-05', 1, 5, 11, 2018, NULL, 2, 'lunch', 75, '2018-11-05 04:54:24', '2018-11-05 04:54:24'),
(68, '2018-11-05', 1, 5, 11, 2018, NULL, 2, 'tea', 85, '2018-11-05 08:41:34', '2018-11-05 08:41:34'),
(69, '2018-11-05', 1, 5, 11, 2018, NULL, 1, 'fare', 14, '2018-11-05 23:51:59', '2018-11-05 23:51:59'),
(70, '2018-11-05', 1, 5, 11, 2018, NULL, 3, 'jacket', 400, '2018-11-05 23:52:09', '2018-11-05 23:52:09'),
(71, '2018-11-05', 1, 5, 11, 2018, NULL, 2, 'dinner', 78, '2018-11-05 23:52:34', '2018-11-05 23:52:34'),
(72, '2018-11-05', 1, 5, 11, 2018, NULL, 1, 'fare', 53, '2018-11-05 23:52:49', '2018-11-05 23:52:49'),
(73, '2018-11-06', 1, 6, 11, 2018, NULL, 2, 'lunch', 348, '2018-11-06 06:01:17', '2018-11-06 06:01:17'),
(74, '2018-11-06', 1, 6, 11, 2018, NULL, 3, 'tshirt print', 450, '2018-11-06 06:01:30', '2018-11-06 06:01:30'),
(75, '2018-11-06', 1, 6, 11, 2018, NULL, 1, 'fare', 7, '2018-11-06 06:01:53', '2018-11-06 06:01:53'),
(76, '2018-11-05', 1, 5, 11, 2018, NULL, 2, 'water', 25, '2018-11-06 22:58:27', '2018-11-06 22:58:27'),
(77, '2018-11-06', 1, 6, 11, 2018, NULL, 1, 'fare', 7, '2018-11-06 22:59:57', '2018-11-06 22:59:57'),
(78, '2018-11-06', 1, 6, 11, 2018, NULL, 2, 'dinner', 93, '2018-11-06 23:00:37', '2018-11-06 23:00:37'),
(79, '2018-11-06', 1, 6, 11, 2018, NULL, 1, 'fare', 39, '2018-11-06 23:01:05', '2018-11-06 23:01:05'),
(80, '2018-11-06', 1, 6, 11, 2018, NULL, 1, 'taxi', 80, '2018-11-06 23:01:12', '2018-11-06 23:01:12'),
(81, '2018-11-07', 1, 7, 11, 2018, NULL, 1, 'fare', 7, '2018-11-07 01:37:14', '2018-11-07 01:37:14'),
(82, '2018-11-07', 1, 7, 11, 2018, NULL, 2, 'snack', 60, '2018-11-07 01:37:38', '2018-11-07 01:37:38'),
(83, '2018-11-07', 1, 7, 11, 2018, NULL, 1, 'fare', 7, '2018-11-07 01:37:53', '2018-11-07 01:37:53'),
(84, '2018-11-07', 1, 7, 11, 2018, NULL, 2, 'lunch', 188, '2018-11-07 06:57:32', '2018-11-07 06:57:32'),
(85, '2018-11-07', 1, 7, 11, 2018, NULL, 1, 'fare', 14, '2018-11-07 06:57:39', '2018-11-07 06:57:39'),
(86, '2018-11-07', 1, 7, 11, 2018, NULL, 1, 'fare', 14, '2018-11-08 06:11:50', '2018-11-08 06:11:50'),
(87, '2018-11-07', 1, 7, 11, 2018, NULL, 2, 'dinner', 134, '2018-11-08 06:12:00', '2018-11-08 06:12:00'),
(88, '2018-11-07', 1, 7, 11, 2018, NULL, 3, 'grocery', 175, '2018-11-08 06:12:31', '2018-11-08 06:12:31'),
(89, '2018-11-08', 1, 8, 11, 2018, NULL, 1, 'taxi', 195, '2018-11-08 06:12:48', '2018-11-08 06:12:48'),
(90, '2018-11-08', 1, 8, 11, 2018, NULL, 2, 'lunch', 155, '2018-11-08 06:14:10', '2018-11-08 06:14:10'),
(91, '2018-11-08', 1, 8, 11, 2018, NULL, 1, 'fare', 17, '2018-11-08 13:38:21', '2018-11-08 13:38:21'),
(92, '2018-11-08', 1, 8, 11, 2018, NULL, 2, 'cotton candy', 50, '2018-11-08 13:38:40', '2018-11-08 13:38:40'),
(93, '2018-11-08', 1, 8, 11, 2018, NULL, 2, 'dinner', 535, '2018-11-08 13:39:29', '2018-11-08 13:39:29'),
(94, '2018-11-08', 1, 8, 11, 2018, NULL, 3, 'clothing/things', 200, '2018-11-08 13:40:13', '2018-11-08 13:40:13'),
(95, '2018-11-08', 1, 8, 11, 2018, NULL, 3, 'arcade', 100, '2018-11-08 13:40:29', '2018-11-08 13:40:29'),
(96, '2018-11-08', 1, 8, 11, 2018, NULL, 3, 'S - miniso/bottles', 148, '2018-11-08 13:41:27', '2018-11-08 13:41:27'),
(97, '2018-11-08', 1, 8, 11, 2018, NULL, 1, 'taxi', 70, '2018-11-08 13:41:43', '2018-11-08 13:41:43'),
(98, '2018-11-08', 1, 8, 11, 2018, NULL, 1, 'fare', 13, '2018-11-08 13:41:49', '2018-11-08 13:41:49'),
(99, '2018-11-08', 1, 8, 11, 2018, NULL, 2, 'dinner take out', 264, '2018-11-08 22:36:46', '2018-11-08 22:36:46'),
(100, '2018-11-09', 1, 9, 11, 2018, NULL, 2, 'snack', 29, '2018-11-09 02:11:13', '2018-11-09 02:11:13'),
(101, '2018-11-09', 1, 9, 11, 2018, NULL, 2, 'lunch', 52, '2018-11-09 04:56:20', '2018-11-09 04:56:20'),
(102, '2018-11-09', 1, 9, 11, 2018, NULL, 3, 'grocery', 198, '2018-11-09 04:56:32', '2018-11-09 04:56:32'),
(103, '2018-11-09', 1, 9, 11, 2018, NULL, 1, 'fare', 53, '2018-11-09 12:36:37', '2018-11-09 12:36:37'),
(104, '2018-11-09', 1, 9, 11, 2018, NULL, 1, 'taxi', 170, '2018-11-09 12:36:47', '2018-11-09 12:36:47'),
(105, '2018-11-10', 1, 10, 11, 2018, NULL, 1, 'taxi', 190, '2018-11-10 02:19:59', '2018-11-10 02:19:59'),
(106, '2018-11-10', 1, 10, 11, 2018, NULL, 3, 'grocery', 226, '2018-11-10 02:20:17', '2018-11-10 02:20:17'),
(107, '2018-11-10', 1, 10, 11, 2018, NULL, 3, 'shoes', 923, '2018-11-10 05:12:29', '2018-11-10 05:12:29'),
(108, '2018-11-10', 1, 10, 11, 2018, NULL, 1, 'fare', 45, '2018-11-11 01:46:38', '2018-11-11 01:46:38'),
(109, '2018-11-11', 1, 11, 11, 2018, NULL, 2, 'taxi', 180, '2018-11-11 01:47:11', '2018-11-11 01:47:11'),
(110, '2018-11-11', 1, 11, 11, 2018, NULL, 3, 'jeans repair', 170, '2018-11-11 01:47:24', '2018-11-11 01:47:24'),
(111, '2018-11-11', 1, 11, 11, 2018, NULL, 1, 'fare', 20, '2018-11-11 01:47:43', '2018-11-11 01:47:43'),
(112, '2018-11-11', 1, 11, 11, 2018, NULL, 3, 'photocopy', 80, '2018-11-11 01:48:01', '2018-11-11 01:48:01'),
(113, '2018-11-11', 1, 11, 11, 2018, NULL, 3, 'flowers', 50, '2018-11-11 01:48:09', '2018-11-11 01:48:09'),
(114, '2018-11-11', 1, 11, 11, 2018, NULL, 1, 'fare', 7, '2018-11-11 01:48:22', '2018-11-11 01:48:22'),
(115, '2018-11-11', 1, 11, 11, 2018, NULL, 2, 'lunch', 195, '2018-11-11 06:12:44', '2018-11-11 06:12:44'),
(116, '2018-11-11', 1, 11, 11, 2018, NULL, 2, 'coffee', 150, '2018-11-11 06:13:26', '2018-11-11 06:13:26'),
(117, '2018-11-11', 1, 11, 11, 2018, NULL, 1, 'fare', 40, '2018-11-11 22:56:16', '2018-11-11 22:56:16'),
(118, '2018-11-11', 1, 11, 11, 2018, NULL, 3, 'grocery', 84, '2018-11-11 22:56:46', '2018-11-11 22:56:46'),
(119, '2018-11-11', 1, 11, 11, 2018, NULL, 2, 'dinner', 77, '2018-11-11 22:56:56', '2018-11-11 22:56:56'),
(120, '2018-11-11', 1, 11, 11, 2018, NULL, 1, 'fare', 20, '2018-11-11 22:57:09', '2018-11-11 22:57:09'),
(121, '2018-11-12', 1, 12, 11, 2018, NULL, 2, 'breakfast', 100, '2018-11-12 05:21:35', '2018-11-12 05:21:35'),
(122, '2018-11-12', 1, 12, 11, 2018, NULL, 2, 'lunch', 173, '2018-11-12 05:22:01', '2018-11-12 05:22:01'),
(123, '2018-11-12', 1, 12, 11, 2018, NULL, 1, 'fare', 14, '2018-11-12 11:30:14', '2018-11-12 11:30:14'),
(124, '2018-11-12', 1, 12, 11, 2018, NULL, 2, 'dinner', 265, '2018-11-12 11:30:36', '2018-11-12 11:30:36'),
(125, '2018-11-12', 1, 12, 11, 2018, NULL, 3, 'load', 700, '2018-11-12 11:30:49', '2018-11-12 11:30:49'),
(126, '2018-11-12', 1, 12, 11, 2018, NULL, 1, 'fare', 21, '2018-11-12 11:31:00', '2018-11-12 11:31:00'),
(127, '2018-11-12', 1, 12, 11, 2018, NULL, 1, 'taxi', 186, '2018-11-12 22:42:31', '2018-11-12 22:42:31'),
(128, '2018-11-13', 1, 13, 11, 2018, NULL, 1, 'fare', 54, '2018-11-13 00:44:45', '2018-11-13 00:44:45'),
(129, '2018-11-13', 1, 13, 11, 2018, NULL, 2, 'snack', 75, '2018-11-13 00:44:59', '2018-11-13 00:44:59'),
(130, '2018-11-13', 1, 13, 11, 2018, NULL, 2, 'dinner', 324, '2018-11-13 22:45:12', '2018-11-13 22:45:12'),
(131, '2018-11-13', 1, 13, 11, 2018, NULL, 1, 'fare', 79, '2018-11-13 22:45:33', '2018-11-13 22:45:33'),
(132, '2018-11-13', 1, 13, 11, 2018, NULL, 3, 'cabbage', 23, '2018-11-13 22:45:43', '2018-11-13 22:45:43'),
(133, '2018-11-14', 1, 14, 11, 2018, NULL, 1, 'fare', 21, '2018-11-14 03:04:57', '2018-11-14 03:04:57'),
(134, '2018-11-14', 1, 14, 11, 2018, NULL, 2, 'snack', 50, '2018-11-14 03:05:06', '2018-11-14 03:05:06'),
(135, '2018-11-13', 1, 13, 11, 2018, NULL, 2, 'lunch', 89, '2018-11-14 03:05:15', '2018-11-14 03:05:15'),
(137, '2018-11-14', 1, 14, 11, 2018, NULL, 1, 'fare', 14, '2018-11-14 04:24:41', '2018-11-14 04:24:41'),
(138, '2018-11-14', 1, 14, 11, 2018, NULL, 2, 'lunch', 30, '2018-11-14 04:24:50', '2018-11-14 04:24:50'),
(139, '2018-11-14', 1, 14, 11, 2018, NULL, 3, 'return shipping', 315, '2018-11-14 04:25:18', '2018-11-14 04:25:18'),
(140, '2018-11-14', 1, 14, 11, 2018, NULL, 2, 'grocery', 98, '2018-11-14 07:39:56', '2018-11-14 07:39:56'),
(141, '2018-11-14', 1, 14, 11, 2018, NULL, 2, 'dinner', 70, '2018-11-14 13:54:01', '2018-11-14 13:54:01'),
(142, '2018-11-15', 1, 15, 11, 2018, NULL, 2, 'lunch', 95, '2018-11-15 05:45:55', '2018-11-15 05:45:55'),
(143, '2018-11-15', 1, 15, 11, 2018, NULL, 1, 'fare', 13, '2018-11-16 04:40:22', '2018-11-16 04:40:22'),
(144, '2018-11-15', 1, 15, 11, 2018, NULL, 1, 'taxi', 230, '2018-11-16 04:40:33', '2018-11-16 04:40:33'),
(145, '2018-11-16', 1, 16, 11, 2018, NULL, 1, 'fare', 19, '2018-11-16 04:40:50', '2018-11-16 04:40:50'),
(146, '2018-11-16', 1, 16, 11, 2018, NULL, 3, 'shoes', 550, '2018-11-16 04:40:59', '2018-11-16 04:40:59'),
(147, '2018-11-16', 1, 16, 11, 2018, NULL, 1, 'fare', 7, '2018-11-16 23:52:05', '2018-11-16 23:52:05'),
(148, '2018-11-16', 1, 16, 11, 2018, NULL, 3, 'shuttle cock', 79, '2018-11-16 23:52:46', '2018-11-16 23:52:46'),
(149, '2018-11-16', 1, 16, 11, 2018, NULL, 2, 'dinner', 357, '2018-11-16 23:53:22', '2018-11-16 23:53:22'),
(150, '2018-11-16', 1, 16, 11, 2018, NULL, 2, 'dalandan', 68, '2018-11-16 23:53:43', '2018-11-16 23:53:43'),
(151, '2018-11-16', 1, 16, 11, 2018, NULL, 1, 'fare', 54, '2018-11-16 23:53:57', '2018-11-16 23:53:57'),
(152, '2018-11-17', 1, 17, 11, 2018, NULL, 1, 'fare', 14, '2018-11-16 23:54:04', '2018-11-16 23:54:04'),
(153, '2018-11-17', 1, 17, 11, 2018, NULL, 2, 'breakfast', 240, '2018-11-16 23:54:17', '2018-11-16 23:54:17'),
(154, '2018-11-17', 1, 17, 11, 2018, NULL, 3, 'papa', 150, '2018-11-18 01:02:24', '2018-11-18 01:02:24'),
(155, '2018-11-17', 1, 17, 11, 2018, NULL, 1, 'taxi', 60, '2018-11-18 01:04:45', '2018-11-18 01:04:45'),
(156, '2018-11-17', 1, 17, 11, 2018, NULL, 1, 'fare', 50, '2018-11-18 01:04:55', '2018-11-18 01:04:55'),
(157, '2018-11-17', 1, 17, 11, 2018, NULL, 1, 'taxi', 62, '2018-11-18 01:05:07', '2018-11-18 01:05:07'),
(158, '2018-11-17', 1, 17, 11, 2018, NULL, 1, 'taxi', 94, '2018-11-18 01:05:27', '2018-11-18 01:05:27'),
(159, '2018-11-18', 1, 18, 11, 2018, NULL, 1, 'fare', 37, '2018-11-18 01:05:44', '2018-11-18 23:25:13'),
(160, '2018-11-18', 1, 18, 11, 2018, NULL, 3, 'entrance lawndale', 50, '2018-11-18 23:25:25', '2018-11-18 23:25:25'),
(161, '2018-11-18', 1, 18, 11, 2018, NULL, 1, 'fare', 28, '2018-11-18 23:25:40', '2018-11-18 23:25:40'),
(162, '2018-11-18', 1, 18, 11, 2018, NULL, 1, 'taxi', 170, '2018-11-18 23:26:16', '2018-11-18 23:26:16'),
(163, '2018-11-18', 1, 18, 11, 2018, NULL, 2, 'snack', 20, '2018-11-18 23:26:26', '2018-11-18 23:26:26'),
(164, '2018-11-19', 1, 19, 11, 2018, NULL, 1, 'fare', 27, '2018-11-18 23:26:39', '2018-11-18 23:26:39'),
(165, '2018-11-19', 1, 19, 11, 2018, NULL, 1, 'fare', 14, '2018-11-19 02:20:32', '2018-11-19 02:20:32'),
(166, '2018-11-19', 1, 19, 11, 2018, NULL, 2, 'snack', 25, '2018-11-19 02:20:40', '2018-11-19 02:20:40'),
(167, '2018-11-19', 1, 19, 11, 2018, NULL, 2, 'lunch', 67, '2018-11-19 04:39:08', '2018-11-19 04:39:08'),
(168, '2018-11-19', 1, 19, 11, 2018, NULL, 1, 'fare', 53, '2018-11-19 22:57:05', '2018-11-19 22:57:05'),
(169, '2018-11-19', 1, 19, 11, 2018, NULL, 3, 'watch repair', 318, '2018-11-19 22:57:16', '2018-11-19 22:57:16'),
(170, '2018-11-20', 1, 20, 11, 2018, NULL, 2, 'tea', 84, '2018-11-20 06:16:13', '2018-11-20 06:16:13'),
(171, '2018-11-20', 1, 20, 11, 2018, NULL, 2, 'lunch', 62, '2018-11-20 06:17:11', '2018-11-20 06:17:11'),
(172, '2018-11-20', 1, 20, 11, 2018, NULL, 2, 'snack', 30, '2018-11-20 22:39:53', '2018-11-20 22:39:53'),
(173, '2018-11-20', 1, 20, 11, 2018, NULL, 1, 'fare', 63, '2018-11-20 22:40:07', '2018-11-20 22:40:16'),
(174, '2018-11-21', 1, 21, 11, 2018, NULL, 1, 'fare', 14, '2018-11-21 02:04:59', '2018-11-21 02:04:59'),
(175, '2018-11-21', 1, 21, 11, 2018, NULL, 2, 'snack', 50, '2018-11-21 02:05:07', '2018-11-21 02:05:07'),
(176, '2018-11-21', 1, 21, 11, 2018, NULL, 2, 'lunch', 139, '2018-11-21 05:23:28', '2018-11-21 05:23:28'),
(177, '2018-11-21', 1, 21, 11, 2018, NULL, 1, 'fare', 34, '2018-11-22 06:13:14', '2018-11-22 06:13:14'),
(178, '2018-11-21', 1, 21, 11, 2018, NULL, 3, 'biogesic', 80, '2018-11-22 06:13:26', '2018-11-22 06:13:26'),
(179, '2018-11-22', 1, 22, 11, 2018, NULL, 1, 'fare', 20, '2018-11-22 06:13:34', '2018-11-22 06:13:34'),
(180, '2018-11-22', 1, 22, 11, 2018, NULL, 2, 'snack', 32, '2018-11-22 10:10:34', '2018-11-22 10:10:34'),
(181, '2018-11-22', 1, 22, 11, 2018, NULL, 1, 'fare', 53, '2018-11-22 13:34:38', '2018-11-22 13:34:38'),
(182, '2018-11-23', 1, 23, 11, 2018, NULL, 2, 'lunch', 99, '2018-11-23 04:33:19', '2018-11-23 04:33:19'),
(183, '2018-11-23', 1, 23, 11, 2018, NULL, 1, 'fare', 74, '2018-11-24 02:57:21', '2018-11-24 02:57:21'),
(184, '2018-11-23', 1, 23, 11, 2018, NULL, 1, 'taxi', 200, '2018-11-24 02:57:30', '2018-11-24 02:57:30'),
(185, '2018-11-24', 1, 24, 11, 2018, NULL, 1, 'taxi', 170, '2018-11-24 02:57:38', '2018-11-24 02:57:38'),
(186, '2018-11-24', 1, 24, 11, 2018, NULL, 2, 'lunch', 75, '2018-11-24 05:20:36', '2018-11-24 05:20:36'),
(187, '2018-11-24', 1, 24, 11, 2018, NULL, 1, 'fare', 32, '2018-11-25 05:08:56', '2018-11-25 05:08:56'),
(188, '2018-11-24', 1, 24, 11, 2018, NULL, 3, 'polo/shirts', 1300, '2018-11-25 05:09:28', '2018-11-25 05:09:28'),
(189, '2018-11-24', 1, 24, 11, 2018, NULL, 1, 'fare', 20, '2018-11-25 05:09:41', '2018-11-25 05:09:41'),
(190, '2018-11-24', 1, 24, 11, 2018, NULL, 2, 'dinner', 179, '2018-11-25 05:09:58', '2018-11-25 05:09:58'),
(191, '2018-11-24', 1, 24, 11, 2018, NULL, 1, 'fare', 79, '2018-11-25 05:10:36', '2018-11-25 05:10:36'),
(192, '2018-11-25', 1, 25, 11, 2018, NULL, 2, 'breakfast', 50, '2018-11-25 05:10:51', '2018-11-25 05:10:51'),
(193, '2018-11-25', 1, 25, 11, 2018, NULL, 1, 'fare', 7, '2018-11-25 05:10:59', '2018-11-25 05:10:59'),
(194, '2018-11-25', 1, 25, 11, 2018, NULL, 2, 'lunch', 200, '2018-11-25 05:12:07', '2018-11-25 05:12:07'),
(195, '2018-11-25', 1, 25, 11, 2018, NULL, 1, 'fare', 26, '2018-11-25 08:57:21', '2018-11-25 08:57:21'),
(196, '2018-11-25', 1, 25, 11, 2018, NULL, 2, 'dinner', 200, '2018-11-25 22:56:36', '2018-11-25 22:56:36'),
(197, '2018-11-26', 1, 26, 11, 2018, NULL, 1, 'fare', 14, '2018-11-26 02:33:56', '2018-11-26 02:33:56'),
(198, '2018-11-26', 1, 26, 11, 2018, NULL, 2, 'snack', 50, '2018-11-26 02:34:07', '2018-11-26 02:34:07'),
(199, '2018-11-26', 1, 26, 11, 2018, NULL, 1, 'taxi', 91, '2018-11-26 05:18:34', '2018-11-26 05:18:34'),
(200, '2018-11-26', 1, 26, 11, 2018, NULL, 2, 'lunch', 60, '2018-11-26 05:18:43', '2018-11-26 05:18:43'),
(201, '2018-11-26', 1, 26, 11, 2018, NULL, 1, 'fare', 14, '2018-11-26 05:18:50', '2018-11-26 05:18:50'),
(202, '2018-11-26', 1, 26, 11, 2018, NULL, 1, 'fare', 81, '2018-11-26 22:59:22', '2018-11-26 22:59:22'),
(203, '2018-11-27', 1, 27, 11, 2018, NULL, 2, 'lunch', 90, '2018-11-27 04:20:35', '2018-11-27 04:20:35'),
(204, '2018-11-27', 1, 27, 11, 2018, NULL, 2, 'tea', 95, '2018-11-27 05:49:41', '2018-11-27 05:49:41'),
(205, '2018-11-27', 1, 27, 11, 2018, NULL, 2, 'dinner', 95, '2018-11-27 10:59:15', '2018-11-27 10:59:15'),
(206, '2018-11-27', 1, 27, 11, 2018, NULL, 1, 'fare', 60, '2018-11-27 22:59:59', '2018-11-27 22:59:59'),
(207, '2018-11-28', 1, 28, 11, 2018, NULL, 2, 'lunch', 74, '2018-11-28 05:08:38', '2018-11-28 05:08:38'),
(208, '2018-11-28', 1, 28, 11, 2018, NULL, 1, 'fare', 14, '2018-11-28 23:04:03', '2018-11-28 23:04:03'),
(209, '2018-11-28', 1, 28, 11, 2018, NULL, 3, 'cake', 380, '2018-11-28 23:04:16', '2018-11-28 23:04:16'),
(210, '2018-11-29', 1, 29, 11, 2018, NULL, 1, 'fare', 14, '2018-11-29 01:55:32', '2018-11-29 01:55:32'),
(211, '2018-11-29', 1, 29, 11, 2018, NULL, 2, 'snack', 50, '2018-11-29 01:55:43', '2018-11-29 01:55:43'),
(212, '2018-11-29', 1, 29, 11, 2018, NULL, 2, 'lunch', 100, '2018-11-29 05:23:19', '2018-11-29 05:23:19'),
(213, '2018-11-29', 1, 29, 11, 2018, NULL, 3, 'tambal', 217, '2018-11-29 05:25:23', '2018-11-29 05:25:23'),
(214, '2018-11-29', 1, 29, 11, 2018, NULL, 1, 'fare', 57, '2018-11-29 12:45:24', '2018-11-29 12:45:24'),
(216, '2018-11-29', 1, 29, 11, 2018, NULL, 2, 'dinner', 391, '2018-11-29 13:17:07', '2018-11-29 13:17:07'),
(218, '2018-11-30', 1, 30, 11, 2018, NULL, 3, 'gift', 100, '2018-11-30 02:36:27', '2018-11-30 02:36:27'),
(219, '2018-11-30', 1, 30, 11, 2018, NULL, 2, 'snack', 114, '2018-11-30 02:36:42', '2018-11-30 02:36:42'),
(220, '2018-11-29', 1, 29, 11, 2018, NULL, 4, 'service charge', 130, '2018-11-30 02:37:53', '2018-11-30 02:37:53'),
(222, '2018-11-30', 1, 30, 11, 2018, NULL, 1, 'fare', 7, '2018-12-01 03:29:32', '2018-12-01 03:29:32'),
(223, '2018-11-30', 1, 30, 11, 2018, NULL, 3, 'strepsils', 124, '2018-12-01 03:29:48', '2018-12-01 03:29:57'),
(224, '2018-11-30', 1, 30, 11, 2018, NULL, 1, 'fare', 23, '2018-12-01 03:30:19', '2018-12-01 03:30:19'),
(225, '2018-11-30', 1, 30, 11, 2018, NULL, 2, 'snack', 85, '2018-12-01 03:30:34', '2018-12-01 03:30:34'),
(226, '2018-11-30', 1, 30, 11, 2018, NULL, 2, 'dinner', 238, '2018-12-01 03:30:55', '2018-12-01 03:30:55'),
(228, '2018-12-01', 1, 1, 12, 2018, NULL, 1, 'fare', 48, '2018-12-01 12:47:46', '2018-12-01 12:47:58'),
(229, '2018-12-01', 1, 1, 12, 2018, NULL, 3, 'christmas gift', 590, '2018-12-01 12:48:42', '2018-12-01 12:48:42'),
(230, '2018-12-01', 1, 1, 12, 2018, NULL, 2, 'dinner', 700, '2018-12-01 12:49:10', '2018-12-01 12:49:10'),
(231, '2018-12-01', 1, 1, 12, 2018, NULL, 3, 'misc/hygiene', 449, '2018-12-01 12:49:53', '2018-12-01 12:49:53'),
(232, '2018-12-01', 1, 1, 12, 2018, NULL, 3, 'nebules', 180, '2018-12-01 12:50:22', '2018-12-01 12:50:22'),
(233, '2018-12-01', 1, 1, 12, 2018, NULL, 1, 'taxi', 65, '2018-12-01 12:50:52', '2018-12-01 12:50:52'),
(234, '2018-12-01', 1, 1, 12, 2018, NULL, 1, 'fare', 14, '2018-12-01 12:51:04', '2018-12-01 12:51:04'),
(235, '2018-12-02', 1, 2, 12, 2018, NULL, 2, 'snack', 71, '2018-12-02 06:42:06', '2018-12-02 06:42:06'),
(236, '2018-12-02', 1, 2, 12, 2018, NULL, 3, 'dinner', 1550, '2018-12-03 02:37:32', '2018-12-03 02:37:45'),
(237, '2018-12-03', 1, 3, 12, 2018, NULL, 1, 'taxi', 170, '2018-12-03 02:37:55', '2018-12-03 02:37:55'),
(240, '2018-12-03', 1, 3, 12, 2018, NULL, 2, 'lunch', 72, '2018-12-03 22:56:09', '2018-12-03 22:56:09'),
(241, '2018-12-03', 1, 3, 12, 2018, NULL, 1, 'fare', 44, '2018-12-03 22:56:15', '2018-12-03 23:01:44'),
(242, '2018-12-03', 1, 3, 12, 2018, NULL, 3, 'tarp for cfla', 224, '2018-12-03 22:56:31', '2018-12-03 22:56:31'),
(243, '2018-12-03', 1, 3, 12, 2018, NULL, 2, 'snack', 80, '2018-12-03 22:57:02', '2018-12-03 22:57:02'),
(244, '2018-12-03', 1, 3, 12, 2018, NULL, 3, 'jacket', 1400, '2018-12-03 22:57:29', '2018-12-03 22:57:29'),
(245, '2018-12-03', 1, 3, 12, 2018, NULL, 3, 'lost', 200, '2018-12-03 23:03:32', '2018-12-05 02:51:01'),
(246, '2018-12-04', 1, 4, 12, 2018, NULL, 2, 'lunch', 140, '2018-12-04 05:50:44', '2018-12-04 05:50:44'),
(247, '2018-12-05', 1, 5, 12, 2018, NULL, 1, 'taxi', 217, '2018-12-05 02:50:23', '2018-12-05 02:50:23'),
(248, '2018-12-04', 1, 4, 12, 2018, NULL, 1, 'fare', 45, '2018-12-05 02:51:43', '2018-12-05 02:51:43'),
(249, '2018-12-04', 1, 4, 12, 2018, NULL, 2, 'snack', 25, '2018-12-05 02:51:54', '2018-12-05 02:51:54'),
(250, '2018-12-04', 1, 4, 12, 2018, NULL, 3, 'panakot', 25, '2018-12-05 02:52:08', '2018-12-05 02:52:08'),
(251, '2018-12-04', 1, 4, 12, 2018, NULL, 3, 'neozep', 18, '2018-12-05 02:52:33', '2018-12-05 02:52:33'),
(252, '2018-12-05', 1, 5, 12, 2018, NULL, 1, 'fare', 14, '2018-12-05 03:43:12', '2018-12-05 03:43:12'),
(253, '2018-12-05', 1, 5, 12, 2018, NULL, 2, 'lunch', 165, '2018-12-05 07:34:08', '2018-12-05 07:34:08'),
(254, '2018-12-06', 1, 6, 12, 2018, NULL, 1, 'taxi', 180, '2018-12-06 04:00:05', '2018-12-06 04:00:05'),
(255, '2018-12-06', 1, 6, 12, 2018, NULL, 1, 'fare', 14, '2018-12-06 04:00:12', '2018-12-06 04:00:12'),
(256, '2018-12-05', 1, 5, 12, 2018, NULL, 3, 'sitaw', 20, '2018-12-06 04:00:34', '2018-12-06 04:00:34'),
(257, '2018-12-05', 1, 5, 12, 2018, NULL, 1, 'taxi', 70, '2018-12-06 04:00:51', '2018-12-06 04:00:51'),
(258, '2018-12-05', 1, 5, 12, 2018, NULL, 3, 'candle', 59, '2018-12-06 04:01:18', '2018-12-06 04:01:18'),
(259, '2018-12-06', 1, 6, 12, 2018, NULL, 1, 'fare', 7, '2018-12-06 12:49:47', '2018-12-06 12:49:47'),
(260, '2018-12-06', 1, 6, 12, 2018, NULL, 2, 'snack', 20, '2018-12-06 12:59:40', '2018-12-06 12:59:40'),
(261, '2018-12-06', 1, 6, 12, 2018, NULL, 2, 'dinner', 330, '2018-12-06 13:00:00', '2018-12-06 13:00:00'),
(262, '2018-12-06', 1, 6, 12, 2018, NULL, 3, 'socks', 89, '2018-12-06 13:00:19', '2018-12-06 13:00:19'),
(263, '2018-12-06', 1, 6, 12, 2018, NULL, 1, 'taxi', 65, '2018-12-06 13:00:47', '2018-12-06 13:00:47'),
(264, '2018-12-06', 1, 6, 12, 2018, NULL, 1, 'fare', 14, '2018-12-06 13:00:55', '2018-12-06 13:00:55'),
(265, '2018-12-07', 1, 7, 12, 2018, NULL, 1, 'taxi', 190, '2018-12-07 03:10:52', '2018-12-07 03:10:52'),
(266, '2018-12-07', 1, 7, 12, 2018, NULL, 1, 'fare', 42, '2018-12-07 05:10:26', '2018-12-07 05:10:26'),
(267, '2018-12-07', 1, 7, 12, 2018, NULL, 2, 'lunch', 220, '2018-12-07 05:10:44', '2018-12-07 05:10:44'),
(268, '2018-12-11', 1, 11, 12, 2018, NULL, 1, 'taxi', 160, '2018-12-11 05:00:09', '2018-12-11 05:00:09'),
(269, '2018-12-11', 1, 11, 12, 2018, NULL, 2, 'lunch', 191, '2018-12-11 23:03:25', '2018-12-11 23:03:25'),
(270, '2018-12-11', 1, 11, 12, 2018, NULL, 1, 'fare', 42, '2018-12-11 23:03:55', '2018-12-11 23:03:55'),
(271, '2018-12-11', 1, 11, 12, 2018, NULL, 1, 'taxi', 163, '2018-12-11 23:04:06', '2018-12-11 23:04:06'),
(272, '2018-12-11', 1, 11, 12, 2018, NULL, 2, 'dinner', 64, '2018-12-11 23:08:37', '2018-12-11 23:08:37'),
(273, '2018-12-09', 1, 9, 12, 2018, NULL, 3, 'Eyedrop', 414, '2018-12-11 23:10:52', '2018-12-11 23:10:52'),
(274, '2018-12-09', 1, 9, 12, 2018, NULL, 3, 'Charger Cords', 250, '2018-12-11 23:11:10', '2018-12-11 23:11:10'),
(275, '2018-12-09', 1, 9, 12, 2018, NULL, 3, 'Mister Donut', 81, '2018-12-11 23:11:43', '2018-12-11 23:11:43'),
(276, '2018-12-09', 1, 9, 12, 2018, NULL, 3, 'Magnum', 400, '2018-12-11 23:11:53', '2018-12-11 23:11:53'),
(277, '2018-12-09', 1, 9, 12, 2018, NULL, 3, 'Kenny rogers airport', 308, '2018-12-11 23:14:16', '2018-12-11 23:14:16'),
(278, '2018-12-09', 1, 9, 12, 2018, NULL, 3, 'Choco drink plane', 80, '2018-12-11 23:14:30', '2018-12-11 23:14:30'),
(279, '2018-12-09', 1, 9, 12, 2018, NULL, 3, 'Van rental', 5720, '2018-12-11 23:14:41', '2018-12-11 23:14:41'),
(280, '2018-12-09', 1, 9, 12, 2018, NULL, 3, 'Water and bread', 102, '2018-12-11 23:14:54', '2018-12-11 23:14:54'),
(281, '2018-12-09', 1, 9, 12, 2018, NULL, 3, 'Tsokolateria', 470, '2018-12-11 23:15:10', '2018-12-11 23:15:10'),
(282, '2018-12-09', 1, 9, 12, 2018, NULL, 3, 'Tambal and water', 181, '2018-12-11 23:15:31', '2018-12-11 23:15:31'),
(283, '2018-12-09', 1, 9, 12, 2018, NULL, 3, 'Dinner Canto', 575, '2018-12-11 23:15:44', '2018-12-11 23:15:44'),
(284, '2018-12-09', 1, 9, 12, 2018, NULL, 3, 'Home made beer', 370, '2018-12-11 23:16:05', '2018-12-11 23:16:05'),
(285, '2018-12-09', 1, 9, 12, 2018, NULL, 3, 'Coolair', 40, '2018-12-11 23:16:14', '2018-12-11 23:16:14'),
(286, '2018-12-09', 1, 9, 12, 2018, NULL, 3, 'Keychain and purse', 100, '2018-12-11 23:16:28', '2018-12-11 23:16:28'),
(287, '2018-12-09', 1, 9, 12, 2018, NULL, 3, 'Cap and scarf', 280, '2018-12-11 23:16:40', '2018-12-11 23:16:40'),
(288, '2018-12-09', 1, 9, 12, 2018, NULL, 3, 'Keychains and magnet', 110, '2018-12-11 23:16:52', '2018-12-11 23:16:52'),
(289, '2018-12-09', 1, 9, 12, 2018, NULL, 3, 'Strawberry jams and peanut brittles', 550, '2018-12-11 23:17:16', '2018-12-11 23:17:16'),
(290, '2018-12-09', 1, 9, 12, 2018, NULL, 3, 'Tam-awan village entrance', 120, '2018-12-11 23:17:31', '2018-12-11 23:17:31'),
(291, '2018-12-09', 1, 9, 12, 2018, NULL, 3, 'Lunch at pepper lunch', 370, '2018-12-11 23:17:52', '2018-12-11 23:17:52'),
(292, '2018-12-09', 1, 9, 12, 2018, NULL, 3, 'Grocery for breakfast', 350, '2018-12-11 23:18:24', '2018-12-11 23:18:24'),
(293, '2018-12-09', 1, 9, 12, 2018, NULL, 3, 'Starbucks', 340, '2018-12-11 23:18:43', '2018-12-11 23:18:43'),
(294, '2018-12-09', 1, 9, 12, 2018, NULL, 3, 'Grocery for dinner', 170, '2018-12-11 23:18:54', '2018-12-11 23:18:54'),
(295, '2018-12-09', 1, 9, 12, 2018, NULL, 3, 'Skyranch entrance', 200, '2018-12-11 23:19:19', '2018-12-11 23:19:19'),
(296, '2018-12-09', 1, 9, 12, 2018, NULL, 3, 'Skyranch (2) games and (2) rides', 550, '2018-12-11 23:20:03', '2018-12-11 23:20:03'),
(297, '2018-12-09', 1, 9, 12, 2018, NULL, 3, 'Napkin', 16, '2018-12-11 23:21:37', '2018-12-11 23:21:37'),
(298, '2018-12-09', 1, 9, 12, 2018, NULL, 3, 'MOA mcdo breakfast', 213, '2018-12-11 23:22:17', '2018-12-11 23:22:17'),
(299, '2018-12-09', 1, 9, 12, 2018, NULL, 3, 'Water and pocari sweat', 90, '2018-12-11 23:22:29', '2018-12-11 23:22:29'),
(300, '2018-12-09', 1, 9, 12, 2018, NULL, 3, 'Dinner at airport', 235, '2018-12-11 23:22:51', '2018-12-11 23:22:51'),
(301, '2018-12-09', 1, 9, 12, 2018, NULL, 3, 'Magnum', 400, '2018-12-11 23:22:59', '2018-12-11 23:22:59'),
(302, '2018-12-09', 1, 9, 12, 2018, NULL, 3, 'Mcdo', 213, '2018-12-11 23:23:08', '2018-12-11 23:23:08'),
(303, '2018-12-12', 1, 12, 12, 2018, NULL, 2, 'breakfast', 225, '2018-12-12 00:43:44', '2018-12-12 00:43:44'),
(304, '2018-12-12', 1, 12, 12, 2018, NULL, 1, 'fare', 42, '2018-12-12 12:39:24', '2018-12-12 12:39:24'),
(305, '2018-12-12', 1, 12, 12, 2018, NULL, 2, 'dinner', 184, '2018-12-12 12:39:42', '2018-12-12 12:39:42'),
(306, '2018-12-13', 1, 13, 12, 2018, NULL, 3, 'b', 1015, '2018-12-13 00:50:00', '2018-12-13 00:50:00'),
(307, '2018-12-13', 1, 13, 12, 2018, NULL, 2, 'snack', 34, '2018-12-13 00:50:21', '2018-12-13 00:50:21'),
(308, '2018-12-13', 1, 13, 12, 2018, NULL, 2, 'lunch', 85, '2018-12-13 06:44:49', '2018-12-13 06:44:49'),
(309, '2018-12-13', 1, 13, 12, 2018, NULL, 2, 'snack', 175, '2018-12-13 06:45:03', '2018-12-13 06:45:03'),
(310, '2018-12-14', 1, 14, 12, 2018, NULL, 2, 'breakfast', 290, '2018-12-14 00:37:26', '2018-12-14 00:37:26'),
(311, '2018-12-13', 1, 13, 12, 2018, NULL, 1, 'fare', 28, '2018-12-14 00:38:10', '2018-12-14 00:38:10'),
(312, '2018-12-13', 1, 13, 12, 2018, NULL, 2, 'mango mania', 150, '2018-12-14 05:08:03', '2018-12-14 05:08:03'),
(313, '2018-12-14', 1, 14, 12, 2018, NULL, 2, 'lunch', 138, '2018-12-14 05:08:23', '2018-12-14 05:08:23'),
(314, '2018-12-14', 1, 14, 12, 2018, NULL, 2, 'snack', 30, '2018-12-14 05:08:33', '2018-12-14 05:08:33'),
(315, '2018-12-14', 1, 14, 12, 2018, NULL, 1, 'fare', 14, '2018-12-15 01:26:52', '2018-12-15 01:26:52'),
(316, '2018-12-14', 1, 14, 12, 2018, NULL, 2, 'snack', 20, '2018-12-15 01:27:09', '2018-12-15 01:27:09'),
(317, '2018-12-09', 1, 9, 12, 2018, NULL, 3, 'snack', 100, '2018-12-15 01:27:34', '2018-12-15 01:27:34'),
(318, '2018-12-14', 1, 14, 12, 2018, NULL, 1, 'fare', 31, '2018-12-15 01:27:53', '2018-12-15 01:28:04'),
(319, '2018-12-14', 1, 14, 12, 2018, NULL, 2, 'dinner', 148, '2018-12-15 01:28:48', '2018-12-15 01:28:48'),
(320, '2018-12-15', 1, 15, 12, 2018, NULL, 1, 'taxi', 180, '2018-12-15 01:29:14', '2018-12-15 01:29:14'),
(321, '2018-12-15', 1, 15, 12, 2018, NULL, 1, 'fare', 7, '2018-12-15 03:47:06', '2018-12-15 03:47:06'),
(322, '2018-12-15', 1, 15, 12, 2018, NULL, 2, 'lunch', 67, '2018-12-15 03:47:15', '2018-12-15 03:47:15'),
(323, '2018-12-15', 1, 15, 12, 2018, NULL, 3, 'for office xmas party', 1000, '2018-12-15 03:57:48', '2018-12-16 06:12:22'),
(324, '2018-12-15', 1, 15, 12, 2018, NULL, 1, 'taxi', 180, '2018-12-16 06:08:04', '2018-12-16 06:08:04'),
(325, '2018-12-15', 1, 15, 12, 2018, NULL, 3, 'misc', 2150, '2018-12-16 06:08:12', '2018-12-16 06:08:12'),
(326, '2018-12-15', 1, 15, 12, 2018, NULL, 1, 'taxi', 185, '2018-12-16 06:08:27', '2018-12-16 06:08:27'),
(327, '2018-12-15', 1, 15, 12, 2018, NULL, 1, 'fare', 30, '2018-12-16 06:08:38', '2018-12-16 06:08:38'),
(328, '2018-12-15', 1, 15, 12, 2018, NULL, 3, 'halad', 20, '2018-12-16 06:08:46', '2018-12-16 06:08:46'),
(329, '2018-12-15', 1, 15, 12, 2018, NULL, 3, 'shorts', 265, '2018-12-16 06:08:58', '2018-12-16 06:08:58'),
(330, '2018-12-15', 1, 15, 12, 2018, NULL, 2, 'water', 20, '2018-12-16 06:09:16', '2018-12-16 06:09:21'),
(331, '2018-12-15', 1, 15, 12, 2018, NULL, 1, 'taxi', 40, '2018-12-16 06:09:36', '2018-12-16 06:09:36'),
(332, '2018-12-16', 1, 16, 12, 2018, NULL, 2, 'breakfast', 250, '2018-12-16 06:09:46', '2018-12-16 06:09:46'),
(333, '2018-12-16', 1, 16, 12, 2018, NULL, 1, 'taxi', 40, '2018-12-16 06:10:11', '2018-12-16 06:10:11'),
(334, '2018-12-16', 1, 16, 12, 2018, NULL, 2, 'lunch', 231, '2018-12-16 06:10:24', '2018-12-16 06:10:24'),
(335, '2018-12-16', 1, 16, 12, 2018, NULL, 3, 'Lost', 500, '2018-12-16 06:12:49', '2018-12-16 06:12:49'),
(336, '2018-12-16', 1, 16, 12, 2018, NULL, 1, 'fare', 50, '2018-12-17 02:29:11', '2018-12-17 02:29:11'),
(337, '2018-12-16', 1, 16, 12, 2018, NULL, 3, 'load', 700, '2018-12-17 02:29:23', '2018-12-17 02:29:23'),
(338, '2018-12-16', 1, 16, 12, 2018, NULL, 2, 'snack', 147, '2018-12-17 02:29:32', '2018-12-17 02:29:32'),
(339, '2018-12-16', 1, 16, 12, 2018, NULL, 2, 'ice cream', 137, '2018-12-17 02:29:42', '2018-12-17 02:29:42'),
(340, '2018-12-16', 1, 16, 12, 2018, NULL, 1, 'fare', 14, '2018-12-17 02:29:55', '2018-12-17 02:29:55'),
(341, '2018-12-16', 1, 16, 12, 2018, NULL, 3, 'mama gift', 900, '2018-12-17 02:30:21', '2018-12-17 02:30:21'),
(342, '2018-12-16', 1, 16, 12, 2018, NULL, 3, 'ate gift', 700, '2018-12-17 02:30:33', '2018-12-17 02:30:33'),
(343, '2018-12-16', 1, 16, 12, 2018, NULL, 3, 'papa gift', 1200, '2018-12-17 02:30:43', '2018-12-17 02:30:43'),
(344, '2018-12-17', 1, 17, 12, 2018, NULL, 1, 'fare', 7, '2018-12-17 02:36:12', '2018-12-17 02:36:12'),
(345, '2018-12-17', 1, 17, 12, 2018, NULL, 2, 'snack', 27, '2018-12-17 02:36:32', '2018-12-17 02:36:32'),
(347, '2018-12-17', 1, 17, 12, 2018, NULL, 3, 'jacket', 206, '2018-12-17 04:52:29', '2018-12-17 04:52:29'),
(348, '2018-12-17', 1, 17, 12, 2018, NULL, 2, 'snack', 112, '2018-12-17 23:20:33', '2018-12-17 23:20:33'),
(349, '2018-12-17', 1, 17, 12, 2018, NULL, 1, 'fare', 47, '2018-12-17 23:20:47', '2018-12-17 23:20:47'),
(350, '2018-12-18', 1, 18, 12, 2018, NULL, 2, 'lunch', 100, '2018-12-18 04:26:11', '2018-12-18 04:26:11'),
(351, '2018-12-18', 1, 18, 12, 2018, NULL, 1, 'fare', 14, '2018-12-18 23:29:14', '2018-12-18 23:29:14'),
(352, '2018-12-18', 1, 18, 12, 2018, NULL, 2, 'dinner', 304, '2018-12-18 23:35:22', '2018-12-18 23:35:22'),
(353, '2018-12-18', 1, 18, 12, 2018, NULL, 1, 'fare', 54, '2018-12-18 23:35:31', '2018-12-18 23:35:40'),
(354, '2018-12-19', 1, 19, 12, 2018, NULL, 1, 'fare', 15, '2018-12-19 02:09:23', '2018-12-19 02:09:33'),
(355, '2018-12-19', 1, 19, 12, 2018, NULL, 3, 'gym', 250, '2018-12-19 02:09:46', '2018-12-19 02:09:46'),
(356, '2018-12-19', 1, 19, 12, 2018, NULL, 2, 'lunch', 78, '2018-12-19 06:14:20', '2018-12-19 06:14:20'),
(357, '2018-12-19', 1, 19, 12, 2018, NULL, 1, 'fare', 71, '2018-12-20 04:42:18', '2018-12-20 04:42:18'),
(358, '2018-12-19', 1, 19, 12, 2018, NULL, 2, 'grocery', 174, '2018-12-20 04:42:34', '2018-12-20 04:42:34'),
(359, '2018-12-20', 1, 20, 12, 2018, NULL, 2, 'fare', 19, '2018-12-20 04:42:46', '2018-12-20 04:42:46'),
(360, '2018-12-20', 1, 20, 12, 2018, NULL, 2, 'lunch', 78, '2018-12-20 04:42:57', '2018-12-20 04:42:57'),
(361, '2018-12-20', 1, 20, 12, 2018, NULL, 2, 'tea', 225, '2018-12-20 06:14:19', '2018-12-20 06:14:19'),
(362, '2018-12-20', 1, 20, 12, 2018, NULL, 1, 'fare', 61, '2018-12-20 23:04:06', '2018-12-20 23:04:06'),
(363, '2018-12-20', 1, 20, 12, 2018, NULL, 2, 'dinner', 288, '2018-12-20 23:04:53', '2018-12-20 23:04:53'),
(364, '2018-12-21', 1, 21, 12, 2018, NULL, 2, 'breakfast', 120, '2018-12-20 23:05:37', '2018-12-20 23:05:37'),
(365, '2018-12-21', 1, 21, 12, 2018, NULL, 2, 'lunch', 57, '2018-12-21 05:48:43', '2018-12-21 05:48:43'),
(366, '2018-12-21', 1, 21, 12, 2018, NULL, 3, 'gift', 430, '2018-12-21 06:57:54', '2018-12-21 06:57:54'),
(367, '2018-12-21', 1, 21, 12, 2018, NULL, 3, 'noelou borrow', 1000, '2018-12-21 06:58:06', '2018-12-21 06:58:06'),
(368, '2018-12-21', 1, 21, 12, 2018, NULL, 1, 'fare', 7, '2018-12-21 13:20:03', '2018-12-21 13:20:03'),
(369, '2018-12-21', 1, 21, 12, 2018, NULL, 2, 'dinner', 370, '2018-12-21 13:20:33', '2018-12-21 13:20:33'),
(370, '2018-12-21', 1, 21, 12, 2018, NULL, 2, 'mango mania', 195, '2018-12-21 13:20:44', '2018-12-21 13:20:44'),
(371, '2018-12-21', 1, 21, 12, 2018, NULL, 1, 'taxi', 80, '2018-12-21 13:21:03', '2018-12-21 13:21:03'),
(372, '2018-12-21', 1, 21, 12, 2018, NULL, 1, 'fare', 13, '2018-12-21 13:22:01', '2018-12-21 13:22:01'),
(373, '2018-12-21', 1, 21, 12, 2018, NULL, 3, 'ice cream', 600, '2018-12-21 13:22:14', '2018-12-21 13:22:14'),
(374, '2018-12-21', 1, 21, 12, 2018, NULL, 1, 'taxi', 170, '2018-12-21 13:22:25', '2018-12-21 13:22:25'),
(375, '2018-12-22', 1, 22, 12, 2018, NULL, 1, 'fare', 7, '2018-12-22 00:53:06', '2018-12-22 00:53:06'),
(376, '2018-12-22', 1, 22, 12, 2018, NULL, 2, 'breakfast', 115, '2018-12-22 00:53:25', '2018-12-22 00:53:25'),
(377, '2018-12-22', 1, 22, 12, 2018, NULL, 1, 'fare', 50, '2018-12-25 13:43:58', '2018-12-25 13:43:58'),
(378, '2018-12-24', 1, 24, 12, 2018, NULL, 3, 'slippers', 120, '2018-12-25 13:46:25', '2018-12-25 13:46:25'),
(379, '2018-12-24', 1, 24, 12, 2018, NULL, 3, 'bird food', 15, '2018-12-25 13:46:56', '2018-12-25 13:46:56'),
(380, '2018-12-25', 1, 25, 12, 2018, NULL, 2, 'dinner', 194, '2018-12-25 13:54:55', '2018-12-25 13:54:55'),
(381, '2018-12-25', 1, 25, 12, 2018, NULL, 2, 'mango mania', 210, '2018-12-25 13:55:26', '2018-12-25 13:55:26'),
(382, '2018-12-25', 1, 25, 12, 2018, NULL, 2, 'snack', 160, '2018-12-25 13:55:42', '2018-12-25 13:55:42'),
(383, '2018-12-25', 1, 25, 12, 2018, NULL, 3, 'movie', 400, '2018-12-25 13:55:51', '2018-12-25 13:55:51'),
(384, '2018-12-25', 1, 25, 12, 2018, NULL, 1, 'taxi', 60, '2018-12-25 13:56:00', '2018-12-25 13:56:00'),
(385, '2018-12-25', 1, 25, 12, 2018, NULL, 1, 'fare', 42, '2018-12-25 13:56:11', '2018-12-25 13:56:11'),
(386, '2018-12-26', 1, 26, 12, 2018, NULL, 1, 'taxi', 180, '2018-12-26 03:33:27', '2018-12-26 03:33:27'),
(387, '2018-12-26', 1, 26, 12, 2018, NULL, 2, 'lunch', 697, '2018-12-26 05:51:59', '2018-12-26 05:51:59'),
(388, '2018-12-26', 1, 26, 12, 2018, NULL, 1, 'fare', 13, '2018-12-26 09:17:56', '2018-12-26 09:18:36'),
(389, '2018-12-26', 1, 26, 12, 2018, NULL, 3, 'gift books', 535, '2018-12-26 09:18:30', '2018-12-26 09:18:30'),
(390, '2018-12-26', 1, 26, 12, 2018, NULL, 3, 'shoes', 653, '2018-12-26 09:21:47', '2018-12-26 09:21:47'),
(391, '2018-12-26', 1, 26, 12, 2018, NULL, 1, 'fare', 61, '2018-12-27 00:24:53', '2018-12-27 00:24:53'),
(392, '2018-12-26', 1, 26, 12, 2018, NULL, 2, 'dinner', 327, '2018-12-27 00:25:13', '2018-12-27 00:25:13'),
(393, '2018-12-26', 1, 26, 12, 2018, NULL, 1, 'taxi', 195, '2018-12-27 00:25:22', '2018-12-27 00:25:22'),
(394, '2018-12-27', 1, 27, 12, 2018, NULL, 1, 'taxi', 170, '2018-12-27 00:25:30', '2018-12-27 00:25:30'),
(395, '2018-12-27', 1, 27, 12, 2018, NULL, 1, 'fare', 14, '2018-12-27 03:04:06', '2018-12-27 03:04:06'),
(396, '2018-12-27', 1, 27, 12, 2018, NULL, 2, 'tea', 90, '2018-12-27 03:11:17', '2018-12-27 03:11:17'),
(397, '2018-12-27', 1, 27, 12, 2018, NULL, 3, 'misc gift', 789, '2018-12-27 03:11:57', '2018-12-27 03:11:57'),
(398, '2018-12-27', 1, 27, 12, 2018, NULL, 2, 'snack', 50, '2018-12-27 11:12:38', '2018-12-27 11:12:38'),
(400, '2018-12-27', 1, 27, 12, 2018, NULL, 1, 'fare', 10, '2018-12-27 11:12:57', '2018-12-27 11:12:57'),
(401, '2018-12-27', 1, 27, 12, 2018, NULL, 2, 'snack', 35, '2018-12-27 11:13:07', '2018-12-27 11:13:07'),
(402, '2018-12-27', 1, 27, 12, 2018, NULL, 1, 'taxi', 228, '2018-12-27 11:13:16', '2018-12-27 11:13:16'),
(403, '2018-12-27', 1, 27, 12, 2018, NULL, 2, 'dinner', 257, '2018-12-27 11:13:39', '2018-12-27 11:13:39'),
(404, '2018-12-27', 1, 27, 12, 2018, NULL, 1, 'fare', 12, '2018-12-27 12:42:38', '2018-12-27 12:42:38'),
(405, '2018-12-28', 1, 28, 12, 2018, NULL, 1, 'fare', 14, '2018-12-28 01:18:54', '2018-12-28 01:18:54'),
(406, '2018-12-28', 1, 28, 12, 2018, NULL, 3, 'movie ticket for january 8 - bumble bee', 600, '2018-12-28 01:19:23', '2018-12-28 01:19:23'),
(407, '2018-12-28', 1, 28, 12, 2018, NULL, 2, 'breakfast', 120, '2018-12-28 01:21:37', '2018-12-28 01:21:37'),
(408, '2018-12-28', 1, 28, 12, 2018, NULL, 1, 'fare', 61, '2018-12-28 05:40:55', '2018-12-28 05:41:44'),
(409, '2018-12-28', 1, 28, 12, 2018, NULL, 3, 'tarp', 96, '2018-12-28 05:41:09', '2018-12-28 05:41:09'),
(410, '2018-12-28', 1, 28, 12, 2018, NULL, 2, 'lugaw', 50, '2018-12-28 05:41:52', '2018-12-28 05:41:52'),
(411, '2018-12-28', 1, 28, 12, 2018, NULL, 2, 'snack', 148, '2018-12-28 05:42:02', '2018-12-28 05:42:02'),
(412, '2018-12-28', 1, 28, 12, 2018, NULL, 2, 'lunch', 100, '2018-12-28 05:42:14', '2018-12-28 05:42:14'),
(413, '2018-12-28', 1, 28, 12, 2018, NULL, 2, 'snack', 100, '2018-12-28 08:34:44', '2018-12-28 08:34:44'),
(414, '2018-12-29', 1, 29, 12, 2018, NULL, 1, 'fare', 14, '2018-12-29 04:27:30', '2018-12-29 04:27:30'),
(415, '2018-12-29', 1, 29, 12, 2018, NULL, 3, 'phone', 6000, '2018-12-29 04:27:41', '2018-12-29 04:27:41'),
(416, '2018-12-29', 1, 29, 12, 2018, NULL, 3, 'haircut', 200, '2018-12-29 04:27:53', '2018-12-29 04:27:53'),
(417, '2018-12-29', 1, 29, 12, 2018, NULL, 2, 'snack', 20, '2018-12-29 04:28:09', '2018-12-29 04:28:09'),
(418, '2018-12-29', 1, 29, 12, 2018, NULL, 2, 'lunch', 95, '2018-12-29 06:16:33', '2018-12-29 06:16:33'),
(419, '2018-12-29', 1, 29, 12, 2018, NULL, 1, 'fare', 10, '2018-12-29 11:35:23', '2018-12-29 11:35:23'),
(420, '2018-12-29', 1, 29, 12, 2018, NULL, 1, 'taxi', 135, '2018-12-29 11:35:53', '2018-12-29 11:35:53'),
(421, '2018-12-29', 1, 29, 12, 2018, NULL, 1, 'fare', 38, '2018-12-29 11:36:12', '2018-12-29 11:38:50'),
(422, '2018-12-29', 1, 29, 12, 2018, NULL, 2, 'dinner', 110, '2018-12-30 04:11:58', '2018-12-30 04:11:58'),
(423, '2018-12-29', 1, 29, 12, 2018, NULL, 3, 'drinks', 500, '2018-12-30 04:12:11', '2018-12-30 04:12:11'),
(424, '2018-12-29', 1, 29, 12, 2018, NULL, 1, 'taxi', 165, '2018-12-30 04:12:22', '2018-12-30 04:12:22'),
(425, '2018-12-30', 1, 30, 12, 2018, NULL, 1, 'taxi', 100, '2018-12-30 04:12:30', '2018-12-30 04:12:30'),
(426, '2018-12-30', 1, 30, 12, 2018, NULL, 1, 'fare', 21, '2018-12-31 14:04:35', '2018-12-31 14:07:25'),
(427, '2018-12-30', 1, 30, 12, 2018, NULL, 2, 'lunch mcdo', 169, '2018-12-31 14:04:46', '2019-01-01 04:11:49'),
(428, '2018-12-30', 1, 30, 12, 2018, NULL, 1, 'taxi', 180, '2018-12-31 14:05:08', '2018-12-31 14:05:08'),
(429, '2018-12-30', 1, 30, 12, 2018, NULL, 3, 'misc', 3100, '2018-12-31 14:09:41', '2018-12-31 14:09:41'),
(430, '2018-12-30', 1, 30, 12, 2018, NULL, 2, 'dinner', 550, '2018-12-31 14:36:44', '2018-12-31 14:36:44'),
(431, '2018-12-30', 1, 30, 12, 2018, NULL, 2, 'drinks', 88, '2018-12-31 14:48:26', '2018-12-31 14:48:26'),
(432, '2018-12-31', 1, 31, 12, 2018, NULL, 1, 'taxi', 170, '2018-12-31 14:48:52', '2018-12-31 14:48:52'),
(433, '2018-12-31', 1, 31, 12, 2018, NULL, 2, 'lunch', 100, '2018-12-31 14:49:04', '2018-12-31 14:49:04'),
(434, '2018-12-31', 1, 31, 12, 2018, NULL, 3, 'vyx', 200, '2018-12-31 14:49:17', '2018-12-31 14:49:17'),
(435, '2018-12-31', 1, 31, 12, 2018, NULL, 2, 'dinner', 400, '2018-12-31 14:49:26', '2018-12-31 14:49:26'),
(436, '2018-12-31', 1, 31, 12, 2018, NULL, 3, 'mirror', 700, '2018-12-31 14:49:36', '2018-12-31 14:49:36'),
(437, '2018-12-30', 1, 30, 12, 2018, NULL, 2, 'snack', 132, '2019-01-01 04:13:25', '2019-01-01 04:13:25'),
(438, '2019-01-01', 1, 1, 1, 2019, NULL, 1, 'taxi', 160, '2019-01-01 04:25:43', '2019-01-01 04:25:43'),
(439, '2018-12-31', 1, 31, 12, 2018, NULL, 3, 'house blessing catering', 8000, '2019-01-02 02:27:24', '2019-01-02 02:27:24'),
(440, '2019-01-02', 1, 2, 1, 2019, NULL, 1, 'fare', 20, '2019-01-02 02:29:45', '2019-01-02 02:29:45'),
(441, '2019-01-02', 1, 2, 1, 2019, NULL, 2, 'breakfast', 120, '2019-01-02 02:30:24', '2019-01-02 02:30:24'),
(442, '2019-01-01', 1, 1, 1, 2019, NULL, 3, 'cake and ice cream for alvarez family reunion', 828, '2019-01-02 03:24:50', '2019-01-02 03:24:50'),
(443, '2019-01-01', 1, 1, 1, 2019, NULL, 1, 'taxi', 75, '2019-01-02 03:25:05', '2019-01-02 03:25:05'),
(444, '2019-01-01', 1, 1, 1, 2019, NULL, 2, 'lunch', 182, '2019-01-02 03:25:22', '2019-01-02 03:25:22'),
(445, '2019-01-01', 1, 1, 1, 2019, NULL, 1, 'taxi', 170, '2019-01-02 03:25:38', '2019-01-02 03:25:38'),
(446, '2019-01-01', 1, 1, 1, 2019, NULL, 1, 'fare', 40, '2019-01-02 03:25:46', '2019-01-02 03:25:46'),
(447, '2019-01-01', 1, 1, 1, 2019, NULL, 1, 'taxi', 189, '2019-01-02 03:26:10', '2019-01-02 03:26:10'),
(448, '2018-12-31', 1, 31, 12, 2018, NULL, 3, 'siblings gift', 1000, '2019-01-02 03:47:12', '2019-01-02 03:47:12'),
(449, '2019-01-02', 1, 2, 1, 2019, NULL, 2, 'lunch', 43, '2019-01-02 05:03:16', '2019-01-02 05:03:16'),
(450, '2019-01-02', 1, 2, 1, 2019, NULL, 2, 'tea', 90, '2019-01-02 07:49:11', '2019-01-02 07:49:11'),
(451, '2019-01-02', 1, 2, 1, 2019, NULL, 1, 'fare', 14, '2019-01-02 23:35:15', '2019-01-02 23:35:15'),
(452, '2019-01-02', 1, 2, 1, 2019, NULL, 2, 'dinner', 145, '2019-01-02 23:35:43', '2019-01-02 23:35:43'),
(453, '2019-01-02', 1, 2, 1, 2019, NULL, 1, 'taxi', 170, '2019-01-02 23:35:58', '2019-01-02 23:35:58'),
(454, '2019-01-03', 1, 3, 1, 2019, NULL, 1, 'fare', 13, '2019-01-02 23:41:13', '2019-01-03 02:29:33'),
(455, '2019-01-03', 1, 3, 1, 2019, NULL, 3, 'gym', 1250, '2019-01-03 02:28:59', '2019-01-03 02:28:59'),
(456, '2019-01-03', 1, 3, 1, 2019, NULL, 2, 'breakfast', 100, '2019-01-03 02:29:12', '2019-01-03 02:29:12'),
(457, '2019-01-03', 1, 3, 1, 2019, NULL, 2, 'snack', 238, '2019-01-03 02:29:26', '2019-01-03 02:29:26'),
(458, '2019-01-03', 1, 3, 1, 2019, NULL, 2, 'lunch', 124, '2019-01-03 05:02:13', '2019-01-03 05:02:13'),
(459, '2019-01-03', 1, 3, 1, 2019, NULL, 1, 'fare', 7, '2019-01-03 23:31:44', '2019-01-03 23:31:44'),
(460, '2019-01-03', 1, 3, 1, 2019, NULL, 2, 'shawarma', 100, '2019-01-03 23:32:33', '2019-01-03 23:32:33'),
(461, '2019-01-03', 1, 3, 1, 2019, NULL, 2, 'dinner', 288, '2019-01-03 23:32:49', '2019-01-03 23:32:49'),
(462, '2019-01-03', 1, 3, 1, 2019, NULL, 1, 'taxi', 81, '2019-01-03 23:32:57', '2019-01-03 23:32:57'),
(463, '2019-01-03', 1, 3, 1, 2019, NULL, 1, 'fare', 39, '2019-01-03 23:33:10', '2019-01-03 23:33:10'),
(464, '2019-01-04', 1, 4, 1, 2019, NULL, 2, 'breakfast', 63, '2019-01-03 23:33:30', '2019-01-03 23:33:30'),
(465, '2019-01-04', 1, 4, 1, 2019, NULL, 3, 'misc shoppe', 410, '2019-01-04 04:30:37', '2019-01-04 04:30:37'),
(466, '2019-01-04', 1, 4, 1, 2019, NULL, 3, 'shopee usb hub', 245, '2019-01-04 04:30:51', '2019-01-04 04:30:51'),
(467, '2019-01-04', 1, 4, 1, 2019, NULL, 2, 'lunch', 155, '2019-01-04 04:31:01', '2019-01-04 04:31:01'),
(468, '2019-01-04', 1, 4, 1, 2019, NULL, 1, 'fare', 79, '2019-01-05 01:26:20', '2019-01-05 01:26:20'),
(469, '2019-01-05', 1, 5, 1, 2019, NULL, 1, 'taxi', 180, '2019-01-05 01:26:27', '2019-01-05 01:26:27'),
(470, '2019-01-05', 1, 5, 1, 2019, NULL, 2, 'lunch', 205, '2019-01-05 03:35:51', '2019-01-05 03:35:51'),
(471, '2019-01-05', 1, 5, 1, 2019, NULL, 1, 'fare', 28, '2019-01-05 11:46:05', '2019-01-05 11:46:05'),
(472, '2019-01-05', 1, 5, 1, 2019, NULL, 2, 'dinner', 378, '2019-01-05 11:46:17', '2019-01-05 11:46:17'),
(473, '2019-01-05', 1, 5, 1, 2019, NULL, 3, 'flower', 320, '2019-01-05 11:46:27', '2019-01-05 11:46:27'),
(474, '2019-01-05', 1, 5, 1, 2019, NULL, 1, 'fare', 53, '2019-01-05 12:58:07', '2019-01-05 12:58:07'),
(475, '2019-01-06', 1, 6, 1, 2019, NULL, 1, 'fare', 48, '2019-01-06 04:39:41', '2019-01-06 04:39:41'),
(477, '2019-01-06', 1, 6, 1, 2019, NULL, 2, 'lunch', 230, '2019-01-06 04:40:10', '2019-01-06 04:40:10'),
(478, '2019-01-06', 1, 6, 1, 2019, NULL, 2, 'snack', 39, '2019-01-06 08:51:50', '2019-01-06 08:51:50'),
(479, '2019-01-06', 1, 6, 1, 2019, NULL, 2, 'snack', 67, '2019-01-06 08:52:11', '2019-01-06 08:52:11'),
(480, '2019-01-06', 1, 6, 1, 2019, NULL, 1, 'taxi', 80, '2019-01-06 22:45:50', '2019-01-06 22:45:50'),
(481, '2019-01-07', 1, 7, 1, 2019, NULL, 1, 'fare', 14, '2019-01-07 04:46:56', '2019-01-07 04:46:56'),
(482, '2019-01-07', 1, 7, 1, 2019, NULL, 2, 'lemon juice', 40, '2019-01-07 04:47:10', '2019-01-07 04:47:10'),
(483, '2019-01-07', 1, 7, 1, 2019, NULL, 2, 'lunch', 274, '2019-01-07 04:47:34', '2019-01-07 04:47:34'),
(484, '2019-01-07', 1, 7, 1, 2019, NULL, 3, 'box piggy bank toy shopee', 208, '2019-01-07 04:47:57', '2019-01-07 04:47:57'),
(485, '2019-01-07', 1, 7, 1, 2019, NULL, 1, 'fare', 37, '2019-01-07 12:24:22', '2019-01-07 12:24:22'),
(486, '2019-01-07', 1, 7, 1, 2019, NULL, 1, 'taxi', 150, '2019-01-07 12:24:29', '2019-01-07 12:24:29'),
(487, '2019-01-08', 1, 8, 1, 2019, NULL, 3, 'boy bday gift', 500, '2019-01-08 04:28:50', '2019-01-08 04:28:50'),
(488, '2019-01-08', 1, 8, 1, 2019, NULL, 3, 'shopee misc lin', 221, '2019-01-08 23:07:46', '2019-01-08 23:07:46'),
(489, '2019-01-08', 1, 8, 1, 2019, NULL, 1, 'taxi', 80, '2019-01-08 23:21:21', '2019-01-08 23:21:21'),
(490, '2019-01-08', 1, 8, 1, 2019, NULL, 2, 'starbucks', 230, '2019-01-08 23:22:19', '2019-01-08 23:22:19'),
(491, '2019-01-08', 1, 8, 1, 2019, NULL, 3, 'quantum arcade', 100, '2019-01-08 23:22:31', '2019-01-08 23:22:31'),
(492, '2019-01-08', 1, 8, 1, 2019, NULL, 2, 'dinner', 343, '2019-01-08 23:23:18', '2019-01-08 23:23:18'),
(493, '2019-01-08', 1, 8, 1, 2019, NULL, 1, 'taxi', 80, '2019-01-08 23:23:29', '2019-01-08 23:23:29'),
(494, '2019-01-08', 1, 8, 1, 2019, NULL, 1, 'fare', 14, '2019-01-08 23:23:43', '2019-01-08 23:23:43'),
(495, '2019-01-08', 1, 8, 1, 2019, NULL, 1, 'taxi', 120, '2019-01-08 23:23:51', '2019-01-08 23:23:51'),
(496, '2019-01-09', 1, 9, 1, 2019, NULL, 3, 'shiely borrow', 800, '2019-01-09 03:25:40', '2019-01-09 03:25:40'),
(497, '2019-01-09', 1, 9, 1, 2019, NULL, 3, 'boxing gloves', 1480, '2019-01-09 03:25:50', '2019-01-09 03:25:50'),
(498, '2019-01-09', 1, 9, 1, 2019, NULL, 2, 'lunch', 92, '2019-01-09 04:45:14', '2019-01-09 04:45:14'),
(499, '2019-01-09', 1, 9, 1, 2019, NULL, 2, 'coffee', 350, '2019-01-09 06:28:45', '2019-01-09 06:28:45');
INSERT INTO `expenses` (`id`, `full_date`, `user_id`, `day`, `month`, `year`, `category`, `category_id`, `description`, `value`, `created_at`, `updated_at`) VALUES
(500, '2019-01-09', 1, 9, 1, 2019, NULL, 2, 'dinner', 555, '2019-01-10 05:01:34', '2019-01-10 05:01:34'),
(501, '2019-01-09', 1, 9, 1, 2019, NULL, 1, 'fare', 54, '2019-01-10 05:02:32', '2019-01-10 05:02:32'),
(502, '2019-01-09', 1, 9, 1, 2019, NULL, 1, 'taxi', 170, '2019-01-10 05:02:43', '2019-01-10 05:02:43'),
(504, '2019-01-10', 1, 10, 1, 2019, NULL, 1, 'taxi', 190, '2019-01-10 05:03:00', '2019-01-10 05:03:00'),
(505, '2019-01-10', 1, 10, 1, 2019, NULL, 2, 'lunch', 123, '2019-01-10 05:03:08', '2019-01-10 05:03:08'),
(506, '2019-01-10', 1, 10, 1, 2019, NULL, 3, 'grocery', 316, '2019-01-10 08:18:20', '2019-01-10 08:18:20'),
(507, '2019-01-10', 1, 10, 1, 2019, NULL, 2, 'snack', 120, '2019-01-10 23:00:22', '2019-01-10 23:00:22'),
(508, '2019-01-10', 1, 10, 1, 2019, NULL, 1, 'fare', 54, '2019-01-10 23:00:33', '2019-01-10 23:00:33'),
(509, '2019-01-11', 1, 11, 1, 2019, NULL, 2, 'lunch', 182, '2019-01-11 07:38:12', '2019-01-11 07:38:12'),
(510, '2019-01-11', 1, 11, 1, 2019, NULL, 3, 'car ketkai', 80, '2019-01-11 07:38:23', '2019-01-11 07:38:23'),
(511, '2019-01-12', 1, 12, 1, 2019, NULL, 2, 'lunch', 64, '2019-01-13 02:43:07', '2019-01-13 02:43:07'),
(512, '2019-01-12', 1, 12, 1, 2019, NULL, 1, 'fare', 46, '2019-01-13 02:43:41', '2019-01-13 02:43:41'),
(513, '2019-01-12', 1, 12, 1, 2019, NULL, 1, 'taxi', 177, '2019-01-13 02:43:52', '2019-01-13 02:43:52'),
(514, '2019-01-12', 1, 12, 1, 2019, NULL, 2, 'dinner', 300, '2019-01-13 02:44:33', '2019-01-13 02:44:33'),
(515, '2019-01-12', 1, 12, 1, 2019, NULL, 3, 'herbal respi', 2800, '2019-01-13 02:44:51', '2019-01-13 02:44:51'),
(516, '2019-01-11', 1, 11, 1, 2019, NULL, 1, 'fare', 40, '2019-01-13 02:46:40', '2019-01-13 02:46:40'),
(517, '2019-01-11', 1, 11, 1, 2019, NULL, 1, 'taxi', 187, '2019-01-13 02:46:59', '2019-01-13 02:46:59'),
(518, '2019-01-13', 1, 13, 1, 2019, NULL, 1, 'fare', 20, '2019-01-13 02:47:30', '2019-01-13 02:47:30'),
(519, '2019-01-12', 1, 12, 1, 2019, NULL, 3, 'grahams', 114, '2019-01-13 02:47:47', '2019-01-13 02:47:47'),
(520, '2019-01-13', 1, 13, 1, 2019, NULL, 3, 'grocery', 367, '2019-01-13 02:47:59', '2019-01-13 02:47:59'),
(521, '2019-01-13', 1, 13, 1, 2019, NULL, 2, 'lunch', 700, '2019-01-13 07:07:17', '2019-01-13 07:07:17'),
(522, '2019-01-13', 1, 13, 1, 2019, NULL, 1, 'fare', 20, '2019-01-13 22:54:58', '2019-01-13 22:54:58'),
(523, '2019-01-13', 1, 13, 1, 2019, NULL, 2, 'dinner', 70, '2019-01-13 22:55:08', '2019-01-13 22:55:08'),
(524, '2019-01-13', 1, 13, 1, 2019, NULL, 1, 'taxi', 140, '2019-01-13 22:55:21', '2019-01-13 22:55:21'),
(525, '2019-01-14', 1, 14, 1, 2019, NULL, 1, 'fare', 14, '2019-01-14 02:05:09', '2019-01-14 02:05:09'),
(526, '2019-01-14', 1, 14, 1, 2019, NULL, 2, 'lunch', 57, '2019-01-14 05:28:43', '2019-01-14 05:28:43'),
(527, '2019-01-14', 1, 14, 1, 2019, NULL, 2, 'drink', 100, '2019-01-14 05:29:03', '2019-01-14 07:21:16'),
(528, '2019-01-14', 1, 14, 1, 2019, NULL, 2, 'snack', 140, '2019-01-14 07:35:47', '2019-01-14 07:35:47'),
(529, '2019-01-14', 1, 14, 1, 2019, NULL, 3, 'noelou borrowed', 4000, '2019-01-14 10:19:13', '2019-01-14 10:19:13'),
(530, '2019-01-14', 1, 14, 1, 2019, NULL, 3, 'shiely borrowed', 100, '2019-01-14 23:38:38', '2019-01-14 23:38:38'),
(531, '2019-01-14', 1, 14, 1, 2019, NULL, 1, 'fare', 67, '2019-01-14 23:39:01', '2019-01-14 23:39:01'),
(532, '2019-01-14', 1, 14, 1, 2019, NULL, 2, 'dinner', 159, '2019-01-14 23:39:19', '2019-01-14 23:39:19'),
(533, '2019-01-15', 1, 15, 1, 2019, NULL, 3, 'water', 60, '2019-01-15 02:46:48', '2019-01-15 02:46:48'),
(534, '2019-01-15', 1, 15, 1, 2019, NULL, 2, 'lunch', 55, '2019-01-15 05:54:20', '2019-01-15 05:54:20'),
(535, '2019-01-15', 1, 15, 1, 2019, NULL, 1, 'taxi', 110, '2019-01-16 01:34:47', '2019-01-16 01:34:47'),
(536, '2019-01-15', 1, 15, 1, 2019, NULL, 1, 'fare', 14, '2019-01-16 01:34:53', '2019-01-16 01:34:53'),
(537, '2019-01-15', 1, 15, 1, 2019, NULL, 2, 'drink', 31, '2019-01-16 01:35:12', '2019-01-16 01:35:12'),
(538, '2019-01-16', 1, 16, 1, 2019, NULL, 1, 'fare', 12, '2019-01-16 01:35:25', '2019-01-16 01:35:25'),
(539, '2019-01-16', 1, 16, 1, 2019, NULL, 2, 'coffee', 119, '2019-01-16 01:35:49', '2019-01-16 01:35:49'),
(540, '2019-01-16', 1, 16, 1, 2019, NULL, 1, 'fare', 21, '2019-01-16 04:55:51', '2019-01-16 04:55:51'),
(541, '2019-01-16', 1, 16, 1, 2019, NULL, 2, 'lunch', 155, '2019-01-16 04:56:02', '2019-01-16 04:56:02'),
(542, '2019-01-16', 1, 16, 1, 2019, NULL, 1, 'taxi', 65, '2019-01-16 04:56:11', '2019-01-16 04:56:11'),
(543, '2019-01-16', 1, 16, 1, 2019, NULL, 2, 'dinner', 274, '2019-01-16 23:16:31', '2019-01-16 23:16:31'),
(544, '2019-01-16', 1, 16, 1, 2019, NULL, 1, 'fare', 7, '2019-01-16 23:16:40', '2019-01-16 23:16:40'),
(545, '2019-01-17', 1, 17, 1, 2019, NULL, 2, 'lunch', 50, '2019-01-17 04:53:31', '2019-01-17 04:53:31'),
(546, '2019-01-17', 1, 17, 1, 2019, NULL, 3, 'grocery', 326, '2019-01-17 09:02:38', '2019-01-17 09:02:38'),
(547, '2019-01-17', 1, 17, 1, 2019, NULL, 1, 'fare', 21, '2019-01-18 02:01:43', '2019-01-18 02:01:43'),
(548, '2019-01-18', 1, 18, 1, 2019, NULL, 1, 'taxi', 60, '2019-01-18 02:01:56', '2019-01-18 02:01:56'),
(549, '2019-01-18', 1, 18, 1, 2019, NULL, 1, 'fare', 12, '2019-01-18 02:02:07', '2019-01-18 02:02:07'),
(550, '2019-01-18', 1, 18, 1, 2019, NULL, 2, 'lunch', 85, '2019-01-18 02:02:14', '2019-01-18 04:58:52'),
(551, '2019-01-18', 1, 18, 1, 2019, NULL, 3, 'load', 700, '2019-01-19 05:20:35', '2019-01-19 05:20:35'),
(552, '2019-01-18', 1, 18, 1, 2019, NULL, 1, 'fare', 21, '2019-01-19 05:20:44', '2019-01-19 05:20:44'),
(553, '2019-01-18', 1, 18, 1, 2019, NULL, 3, 'misc', 1300, '2019-01-19 05:20:54', '2019-01-19 05:20:54'),
(554, '2019-01-18', 1, 18, 1, 2019, NULL, 3, 'grocery', 165, '2019-01-19 05:21:05', '2019-01-19 05:21:05'),
(555, '2019-01-18', 1, 18, 1, 2019, NULL, 2, 'dinner', 315, '2019-01-19 05:21:30', '2019-01-19 05:21:30'),
(556, '2019-01-18', 1, 18, 1, 2019, NULL, 1, 'fare', 21, '2019-01-19 05:21:36', '2019-01-19 05:21:36'),
(557, '2019-01-19', 1, 19, 1, 2019, NULL, 2, 'breakfast', 215, '2019-01-19 05:21:46', '2019-01-19 05:21:46'),
(558, '2019-01-19', 1, 19, 1, 2019, NULL, 2, 'lunch', 370, '2019-01-19 05:22:00', '2019-01-19 05:22:00'),
(559, '2019-01-19', 1, 19, 1, 2019, NULL, 1, 'fare', 14, '2019-01-19 05:22:07', '2019-01-19 05:22:07'),
(560, '2019-01-19', 1, 19, 1, 2019, NULL, 3, 'watsons card', 50, '2019-01-19 08:25:55', '2019-01-19 08:25:55'),
(561, '2019-01-19', 1, 19, 1, 2019, NULL, 1, 'fare', 54, '2019-01-20 03:00:15', '2019-01-20 03:00:15'),
(562, '2019-01-19', 1, 19, 1, 2019, NULL, 3, 'grocery', 100, '2019-01-20 03:00:24', '2019-01-20 03:00:24'),
(563, '2019-01-20', 1, 20, 1, 2019, NULL, 2, 'coffee', 49, '2019-01-20 03:00:40', '2019-01-20 03:00:40'),
(564, '2019-01-20', 1, 20, 1, 2019, NULL, 2, 'lunch', 254, '2019-01-20 05:18:23', '2019-01-20 05:18:23'),
(565, '2019-01-20', 1, 20, 1, 2019, NULL, 1, 'taxi', 100, '2019-01-20 22:58:17', '2019-01-20 22:58:17'),
(566, '2019-01-20', 1, 20, 1, 2019, NULL, 3, 'shiely borrowed for nso/psa', 1100, '2019-01-20 22:58:34', '2019-01-20 22:58:34'),
(567, '2019-01-21', 1, 21, 1, 2019, NULL, 2, 'lunch', 112, '2019-01-21 07:37:40', '2019-01-21 07:37:40'),
(568, '2019-01-21', 1, 21, 1, 2019, NULL, 3, 'nbi', 310, '2019-01-21 07:37:53', '2019-01-21 07:37:53'),
(569, '2019-01-21', 1, 21, 1, 2019, NULL, 3, 'grocery', 250, '2019-01-21 07:38:25', '2019-01-21 07:38:25'),
(570, '2019-01-21', 1, 21, 1, 2019, NULL, 1, 'fare', 21, '2019-01-21 22:48:31', '2019-01-21 22:50:23'),
(571, '2019-01-22', 1, 22, 1, 2019, NULL, 1, 'fare', 35, '2019-01-22 02:01:13', '2019-01-22 02:01:13'),
(572, '2019-01-22', 1, 22, 1, 2019, NULL, 2, 'tea', 100, '2019-01-22 02:01:29', '2019-01-22 02:01:29'),
(574, '2019-01-22', 1, 22, 1, 2019, NULL, 2, 'lunch', 92, '2019-01-22 05:11:08', '2019-01-22 05:11:08'),
(575, '2019-01-22', 1, 22, 1, 2019, NULL, 2, 'snack', 48, '2019-01-22 10:47:08', '2019-01-22 10:47:08'),
(576, '2019-01-22', 1, 22, 1, 2019, NULL, 1, 'fare', 12, '2019-01-22 10:47:14', '2019-01-22 10:47:14'),
(577, '2019-01-22', 1, 22, 1, 2019, NULL, 1, 'fare', 54, '2019-01-22 23:35:46', '2019-01-22 23:35:46'),
(578, '2019-01-22', 1, 22, 1, 2019, NULL, 1, 'taxi', 122, '2019-01-22 23:35:55', '2019-01-22 23:35:55'),
(579, '2019-01-22', 1, 22, 1, 2019, NULL, 2, 'dinner', 170, '2019-01-22 23:36:16', '2019-01-22 23:36:16'),
(580, '2019-01-23', 1, 23, 1, 2019, NULL, 2, 'lunch', 270, '2019-01-23 05:29:50', '2019-01-23 05:29:50'),
(582, '2019-01-23', 1, 23, 1, 2019, NULL, 2, 'snack', 73, '2019-01-23 06:45:58', '2019-01-23 06:45:58'),
(583, '2019-01-24', 1, 24, 1, 2019, NULL, 1, 'taxi', 100, '2019-01-24 04:44:28', '2019-01-24 04:44:28'),
(584, '2019-01-23', 1, 23, 1, 2019, NULL, 1, 'fare', 41, '2019-01-24 04:44:50', '2019-01-24 04:44:50'),
(585, '2019-01-24', 1, 24, 1, 2019, NULL, 3, 'jogging', 30, '2019-01-24 11:06:16', '2019-01-24 11:06:16'),
(586, '2019-01-24', 1, 24, 1, 2019, NULL, 3, 'grocery', 150, '2019-01-24 22:53:15', '2019-01-24 22:53:15'),
(587, '2019-01-24', 1, 24, 1, 2019, NULL, 2, 'dinner', 165, '2019-01-24 22:53:23', '2019-01-24 22:53:23'),
(588, '2019-01-24', 1, 24, 1, 2019, NULL, 1, 'fare', 14, '2019-01-24 22:53:52', '2019-01-24 22:53:52'),
(589, '2019-01-24', 1, 24, 1, 2019, NULL, 1, 'taxi', 170, '2019-01-24 22:53:59', '2019-01-24 22:53:59'),
(590, '2019-01-25', 1, 25, 1, 2019, NULL, 2, 'lunch', 129, '2019-01-25 05:25:31', '2019-01-25 05:25:31'),
(591, '2019-01-25', 1, 25, 1, 2019, NULL, 1, 'fare', 28, '2019-01-26 00:24:03', '2019-01-26 00:24:03'),
(592, '2019-01-25', 1, 25, 1, 2019, NULL, 2, 'snack', 35, '2019-01-26 00:24:20', '2019-01-26 00:24:20'),
(593, '2019-01-25', 1, 25, 1, 2019, NULL, 2, 'dinner', 205, '2019-01-26 00:24:53', '2019-01-26 00:24:53'),
(594, '2019-01-25', 1, 25, 1, 2019, NULL, 1, 'fare', 14, '2019-01-26 00:25:02', '2019-01-26 00:25:02'),
(595, '2019-01-26', 1, 26, 1, 2019, NULL, 1, 'fare', 7, '2019-01-26 00:25:17', '2019-01-26 00:25:17'),
(596, '2019-01-26', 1, 26, 1, 2019, NULL, 2, 'breakfast', 89, '2019-01-26 00:25:30', '2019-01-26 00:25:30'),
(597, '2019-01-26', 1, 26, 1, 2019, NULL, 1, 'fare', 22, '2019-01-26 10:41:54', '2019-01-26 10:42:02'),
(598, '2019-01-26', 1, 26, 1, 2019, NULL, 2, 'lunch', 263, '2019-01-26 10:42:36', '2019-01-26 10:42:36'),
(599, '2019-01-26', 1, 26, 1, 2019, NULL, 1, 'taxi', 86, '2019-01-26 10:42:55', '2019-01-26 10:42:55'),
(600, '2019-01-26', 1, 26, 1, 2019, NULL, 3, 'vegies', 92, '2019-01-26 10:43:19', '2019-01-26 10:43:19'),
(601, '2019-01-27', 1, 27, 1, 2019, NULL, 2, 'lunch', 275, '2019-01-27 23:06:42', '2019-01-27 23:06:42'),
(602, '2019-01-27', 1, 27, 1, 2019, NULL, 1, 'fare', 53, '2019-01-27 23:07:01', '2019-01-27 23:07:01'),
(603, '2019-01-27', 1, 27, 1, 2019, NULL, 2, 'snack', 50, '2019-01-27 23:07:13', '2019-01-27 23:07:13'),
(604, '2019-01-27', 1, 27, 1, 2019, NULL, 1, 'taxi', 70, '2019-01-27 23:07:21', '2019-01-27 23:07:21'),
(605, '2019-01-28', 1, 28, 1, 2019, NULL, 1, 'fare', 14, '2019-01-28 02:07:00', '2019-01-28 02:07:00'),
(606, '2019-01-28', 1, 28, 1, 2019, NULL, 2, 'snack', 23, '2019-01-28 02:07:09', '2019-01-28 02:07:09'),
(607, '2019-01-28', 1, 28, 1, 2019, NULL, 2, 'lunch', 107, '2019-01-28 05:27:02', '2019-01-28 05:27:02'),
(608, '2019-01-28', 1, 28, 1, 2019, NULL, 3, 'grocery', 100, '2019-01-28 09:35:37', '2019-01-28 09:35:37'),
(609, '2019-01-31', 1, 31, 1, 2019, NULL, 3, 'lenesse refund', 2000, '2019-01-28 09:36:15', '2019-01-28 09:36:15'),
(610, '2019-01-28', 1, 28, 1, 2019, NULL, 1, 'fare', 21, '2019-01-29 02:03:16', '2019-01-29 02:03:16'),
(611, '2019-01-29', 1, 29, 1, 2019, NULL, 3, 'biogesic', 75, '2019-01-29 02:03:36', '2019-01-29 02:03:36'),
(612, '2019-01-29', 1, 29, 1, 2019, NULL, 1, 'fare', 109, '2019-01-29 22:45:06', '2019-01-29 22:45:06'),
(613, '2019-01-29', 1, 29, 1, 2019, NULL, 2, 'dinner', 279, '2019-01-29 22:45:16', '2019-01-29 22:45:16'),
(614, '2019-01-30', 1, 30, 1, 2019, NULL, 1, 'fare', 14, '2019-01-30 02:14:47', '2019-01-30 02:14:47'),
(615, '2019-01-30', 1, 30, 1, 2019, NULL, 2, 'lunch', 67, '2019-01-30 04:23:17', '2019-01-30 04:23:17'),
(616, '2019-01-31', 1, 31, 1, 2019, NULL, 3, 'misc shoppe li', 600, '2019-01-31 01:49:02', '2019-01-31 01:49:02'),
(617, '2019-01-30', 1, 30, 1, 2019, NULL, 1, 'fare', 27, '2019-01-31 01:49:22', '2019-01-31 01:49:22'),
(618, '2019-01-30', 1, 30, 1, 2019, NULL, 2, 'dinner', 97, '2019-01-31 01:49:51', '2019-01-31 01:49:51'),
(619, '2019-01-30', 1, 30, 1, 2019, NULL, 1, 'taxi', 180, '2019-01-31 01:49:59', '2019-01-31 01:49:59'),
(620, '2019-01-31', 1, 31, 1, 2019, NULL, 2, 'snack', 89, '2019-01-31 09:08:52', '2019-01-31 09:08:52'),
(621, '2019-01-31', 1, 31, 1, 2019, NULL, 2, 'lunch', 50, '2019-01-31 09:09:04', '2019-01-31 09:09:04'),
(622, '2019-01-31', 1, 31, 1, 2019, NULL, 1, 'fare', 83, '2019-01-31 22:50:34', '2019-01-31 22:50:34'),
(623, '2019-02-01', 1, 1, 2, 2019, NULL, 3, 'bpi service charge', 330, '2019-01-31 22:52:12', '2019-01-31 22:52:12'),
(624, '2019-02-01', 1, 1, 2, 2019, NULL, 1, 'fare going nbi', 12, '2019-02-01 05:23:42', '2019-02-01 05:23:42'),
(625, '2019-02-01', 1, 1, 2, 2019, NULL, 1, 'fare going ustp', 14, '2019-02-01 05:24:13', '2019-02-01 05:24:13'),
(626, '2019-02-01', 1, 1, 2, 2019, NULL, 3, 'shiely borrowed for grad certi and alumni ID', 850, '2019-02-01 05:24:35', '2019-02-01 05:24:48'),
(627, '2019-02-01', 1, 1, 2, 2019, NULL, 3, 'my alumni ID', 750, '2019-02-01 05:25:00', '2019-02-01 05:25:00'),
(628, '2019-02-01', 1, 1, 2, 2019, NULL, 2, 'ustp canteen snack', 20, '2019-02-01 05:25:12', '2019-02-01 05:25:12'),
(629, '2019-02-01', 1, 1, 2, 2019, NULL, 1, 'fare going carmen pagibig', 14, '2019-02-01 05:25:38', '2019-02-01 05:25:38'),
(630, '2019-02-01', 1, 1, 2, 2019, NULL, 1, 'fare going dv', 14, '2019-02-01 05:25:54', '2019-02-01 05:25:54'),
(631, '2019-02-01', 1, 1, 2, 2019, NULL, 2, 'lunch', 93, '2019-02-01 05:26:20', '2019-02-01 05:26:20'),
(632, '2019-02-01', 1, 1, 2, 2019, NULL, 1, 'fare going office', 14, '2019-02-01 05:26:31', '2019-02-01 05:26:31'),
(633, '2019-02-01', 1, 1, 2, 2019, NULL, 2, 'tea', 195, '2019-02-01 08:39:35', '2019-02-01 08:39:35'),
(634, '2019-02-01', 1, 1, 2, 2019, NULL, 1, 'fare misc back and forth', 14, '2019-02-02 04:30:23', '2019-02-02 04:30:23'),
(635, '2019-02-01', 1, 1, 2, 2019, NULL, 3, 'misc', 1520, '2019-02-02 04:30:32', '2019-02-02 04:30:32'),
(636, '2019-02-01', 1, 1, 2, 2019, NULL, 1, 'fare going to skybar', 14, '2019-02-02 04:30:49', '2019-02-02 04:30:49'),
(637, '2019-02-01', 1, 1, 2, 2019, NULL, 2, 'skybar', 941, '2019-02-02 04:31:22', '2019-02-02 04:31:22'),
(638, '2019-02-01', 1, 1, 2, 2019, NULL, 1, 'fare going to terrazo', 7, '2019-02-02 04:31:34', '2019-02-02 04:31:34'),
(639, '2019-02-01', 1, 1, 2, 2019, NULL, 3, 'terrazo', 10, '2019-02-02 04:31:45', '2019-02-02 04:31:45'),
(640, '2019-02-01', 1, 1, 2, 2019, NULL, 2, 'midnight snack', 97, '2019-02-02 04:31:56', '2019-02-02 04:31:56'),
(644, '2019-02-02', 1, 2, 2, 2019, NULL, 2, 'breakfast', 215, '2019-02-02 07:43:56', '2019-02-02 07:43:56'),
(645, '2019-02-02', 1, 2, 2, 2019, NULL, 1, 'fare going office', 14, '2019-02-02 07:44:23', '2019-02-02 07:44:23'),
(646, '2019-02-02', 1, 2, 2, 2019, NULL, 2, 'lunch', 313, '2019-02-02 07:44:32', '2019-02-02 07:44:32'),
(647, '2019-02-02', 1, 2, 2, 2019, NULL, 2, 'fare going dxcc', 14, '2019-02-02 07:44:43', '2019-02-02 07:44:43'),
(648, '2019-02-02', 1, 2, 2, 2019, NULL, 1, 'fare going wadhus', 14, '2019-02-02 07:44:52', '2019-02-02 07:44:52'),
(649, '2019-02-02', 1, 2, 2, 2019, NULL, 2, 'snack', 60, '2019-02-02 07:45:01', '2019-02-02 07:45:01'),
(650, '2019-02-02', 1, 2, 2, 2019, NULL, 1, 'taxi', 160, '2019-02-03 02:48:37', '2019-02-03 02:48:37'),
(651, '2019-02-03', 1, 3, 2, 2019, NULL, 1, 'fare going office', 19, '2019-02-03 02:48:57', '2019-02-03 02:48:57'),
(652, '2019-02-03', 1, 3, 2, 2019, NULL, 2, 'lunch', 72, '2019-02-03 23:41:02', '2019-02-03 23:41:02'),
(653, '2019-02-03', 1, 3, 2, 2019, NULL, 1, 'fare going cogon', 7, '2019-02-03 23:41:15', '2019-02-03 23:41:15'),
(654, '2019-02-03', 1, 3, 2, 2019, NULL, 2, 'lunch jabee', 200, '2019-02-03 23:42:20', '2019-02-03 23:42:29'),
(655, '2019-02-03', 1, 3, 2, 2019, NULL, 3, 'hand wraps', 140, '2019-02-03 23:42:42', '2019-02-03 23:42:42'),
(656, '2019-02-03', 1, 3, 2, 2019, NULL, 1, 'fare going home', 10, '2019-02-03 23:43:36', '2019-02-03 23:43:36'),
(657, '2019-02-04', 1, 4, 2, 2019, NULL, 3, 'payment for philsat', 1030, '2019-02-04 01:24:10', '2019-02-04 01:24:10'),
(658, '2019-02-04', 1, 4, 2, 2019, NULL, 2, 'lunch', 122, '2019-02-04 05:14:29', '2019-02-04 05:14:29'),
(659, '2019-02-04', 1, 4, 2, 2019, NULL, 1, 'taxi going kianen', 100, '2019-02-04 06:00:28', '2019-02-04 06:00:28'),
(660, '2019-02-04', 1, 4, 2, 2019, NULL, 1, 'fare going office', 12, '2019-02-04 06:00:42', '2019-02-04 06:00:42'),
(661, '2019-02-04', 1, 4, 2, 2019, NULL, 2, 'snack', 50, '2019-02-04 06:00:56', '2019-02-04 06:00:56'),
(662, '2019-02-04', 1, 4, 2, 2019, NULL, 2, 'snack', 40, '2019-02-04 07:33:33', '2019-02-04 07:33:33'),
(663, '2019-02-04', 1, 4, 2, 2019, NULL, 1, 'fare going GC', 7, '2019-02-05 00:40:53', '2019-02-05 00:40:53'),
(664, '2019-02-04', 1, 4, 2, 2019, NULL, 2, 'chingkeetea', 160, '2019-02-05 00:41:03', '2019-02-05 00:41:03'),
(665, '2019-02-04', 1, 4, 2, 2019, NULL, 1, 'fare going camaman-an', 40, '2019-02-05 00:41:14', '2019-02-05 00:41:14'),
(666, '2019-02-04', 1, 4, 2, 2019, NULL, 1, 'fare going dv', 13, '2019-02-05 00:41:24', '2019-02-05 00:41:24'),
(667, '2019-02-05', 1, 5, 2, 2019, NULL, 1, 'fare going office', 21, '2019-02-05 00:41:36', '2019-02-05 00:41:36'),
(668, '2019-02-05', 1, 5, 2, 2019, NULL, 3, 'grocery', 277, '2019-02-05 04:45:58', '2019-02-05 04:45:58'),
(669, '2019-02-05', 1, 5, 2, 2019, NULL, 2, 'lunch', 70, '2019-02-05 05:30:11', '2019-02-05 05:30:11'),
(670, '2019-02-03', 1, 3, 2, 2019, NULL, 3, 'ice cream', 245, '2019-02-05 22:40:53', '2019-02-05 22:40:53'),
(671, '2019-02-05', 1, 5, 2, 2019, NULL, 1, 'fare going lifestyle', 14, '2019-02-05 22:44:13', '2019-02-05 22:44:13'),
(672, '2019-02-05', 1, 5, 2, 2019, NULL, 1, 'fare going lifestyle', 14, '2019-02-05 22:44:13', '2019-02-05 22:44:13'),
(673, '2019-02-05', 1, 5, 2, 2019, NULL, 2, 'dinner', 614, '2019-02-05 22:44:24', '2019-02-05 22:44:24'),
(674, '2019-02-05', 1, 5, 2, 2019, NULL, 1, 'fare going camaman-an', 40, '2019-02-05 22:44:39', '2019-02-05 22:44:39'),
(675, '2019-02-05', 1, 5, 2, 2019, NULL, 1, 'fare going dv', 13, '2019-02-05 22:46:16', '2019-02-05 22:46:16'),
(676, '2019-02-05', 1, 5, 2, 2019, NULL, 1, 'taxi', 170, '2019-02-05 22:46:24', '2019-02-05 22:46:24'),
(677, '2019-02-06', 1, 6, 2, 2019, NULL, 1, 'fare', 14, '2019-02-06 01:33:48', '2019-02-06 01:33:48'),
(678, '2019-02-06', 1, 6, 2, 2019, NULL, 3, 'giftmate tumbler', 345, '2019-02-06 04:53:10', '2019-02-06 04:53:10'),
(679, '2019-02-06', 1, 6, 2, 2019, NULL, 1, 'fare going lunch', 28, '2019-02-06 04:53:22', '2019-02-06 04:53:22'),
(680, '2019-02-06', 1, 6, 2, 2019, NULL, 2, 'lunch', 260, '2019-02-06 04:53:34', '2019-02-06 04:53:34'),
(681, '2019-02-06', 1, 6, 2, 2019, NULL, 1, 'fare', 41, '2019-02-06 23:01:05', '2019-02-06 23:01:05'),
(682, '2019-02-07', 1, 7, 2, 2019, NULL, 1, 'fare going GC', 14, '2019-02-07 05:41:11', '2019-02-07 05:41:11'),
(683, '2019-02-07', 1, 7, 2, 2019, NULL, 3, '5s case', 100, '2019-02-07 05:41:19', '2019-02-07 05:41:19'),
(684, '2019-02-07', 1, 7, 2, 2019, NULL, 2, 'tea', 90, '2019-02-07 05:41:25', '2019-02-07 05:41:25'),
(685, '2019-02-07', 1, 7, 2, 2019, NULL, 2, 'lunch', 140, '2019-02-07 05:41:36', '2019-02-07 05:41:36'),
(686, '2019-02-07', 1, 7, 2, 2019, NULL, 1, 'fare going nagac st., going ksy', 20, '2019-02-07 05:42:10', '2019-02-07 05:42:10'),
(687, '2019-02-07', 1, 7, 2, 2019, NULL, 1, 'fare going office', 7, '2019-02-07 05:42:19', '2019-02-07 05:42:19'),
(688, '2019-02-07', 1, 7, 2, 2019, NULL, 1, 'fare going bowties', 14, '2019-02-07 13:39:20', '2019-02-07 13:39:20'),
(689, '2019-02-07', 1, 7, 2, 2019, NULL, 2, 'dinner', 203, '2019-02-07 13:39:34', '2019-02-07 13:39:34'),
(690, '2019-02-07', 1, 7, 2, 2019, NULL, 1, 'fare going camaman-an', 40, '2019-02-07 13:40:38', '2019-02-07 13:40:38'),
(691, '2019-02-07', 1, 7, 2, 2019, NULL, 1, 'fare going office', 13, '2019-02-07 13:40:52', '2019-02-07 13:40:52'),
(692, '2019-02-07', 1, 7, 2, 2019, NULL, 3, 'utan', 39, '2019-02-07 13:41:03', '2019-02-07 13:41:03'),
(693, '2019-02-07', 1, 7, 2, 2019, NULL, 2, 'dinner papa', 134, '2019-02-07 23:23:16', '2019-02-07 23:23:16'),
(694, '2019-02-08', 1, 8, 2, 2019, NULL, 1, 'fare going gym', 14, '2019-02-08 02:32:47', '2019-02-08 05:06:49'),
(695, '2019-02-08', 1, 8, 2, 2019, NULL, 1, 'fare going carmen', 17, '2019-02-08 05:07:00', '2019-02-08 05:07:00'),
(696, '2019-02-08', 1, 8, 2, 2019, NULL, 2, 'lunch', 144, '2019-02-08 05:07:21', '2019-02-08 05:07:21'),
(697, '2019-02-08', 1, 8, 2, 2019, NULL, 1, 'fare going office', 18, '2019-02-08 05:07:52', '2019-02-08 05:07:52'),
(698, '2019-02-08', 1, 8, 2, 2019, NULL, 2, 'snack', 10, '2019-02-08 08:31:42', '2019-02-08 08:31:42'),
(699, '2019-02-08', 1, 8, 2, 2019, NULL, 2, 'dinner', 300, '2019-02-09 06:40:27', '2019-02-09 06:40:27'),
(700, '2019-02-09', 1, 9, 2, 2019, NULL, 1, 'fare going carmen', 29, '2019-02-09 06:40:49', '2019-02-09 06:40:49'),
(701, '2019-02-09', 1, 9, 2, 2019, NULL, 2, 'lunch', 35, '2019-02-09 06:41:22', '2019-02-09 06:41:22'),
(702, '2019-02-09', 1, 9, 2, 2019, NULL, 1, 'fare going barber', 14, '2019-02-09 06:41:35', '2019-02-09 06:41:35'),
(703, '2019-02-09', 1, 9, 2, 2019, NULL, 3, 'haircut', 125, '2019-02-09 06:41:47', '2019-02-09 06:41:47'),
(704, '2019-02-09', 1, 9, 2, 2019, NULL, 1, 'fare', 7, '2019-02-09 06:41:53', '2019-02-09 06:41:53'),
(705, '2019-02-09', 1, 9, 2, 2019, NULL, 1, 'fare going chinkee', 14, '2019-02-09 09:20:05', '2019-02-09 09:20:05'),
(706, '2019-02-09', 1, 9, 2, 2019, NULL, 2, 'chingkee', 90, '2019-02-09 09:20:30', '2019-02-09 09:20:30'),
(707, '2019-02-09', 1, 9, 2, 2019, NULL, 2, 'dinner', 180, '2019-02-09 09:20:38', '2019-02-09 09:20:38'),
(708, '2019-02-09', 1, 9, 2, 2019, NULL, 1, 'fare going office', 14, '2019-02-09 09:20:48', '2019-02-09 09:20:48'),
(709, '2019-02-09', 1, 9, 2, 2019, NULL, 1, 'fare going cogon', 20, '2019-02-10 03:31:22', '2019-02-10 03:31:22'),
(710, '2019-02-10', 1, 10, 2, 2019, NULL, 1, 'fare going office', 7, '2019-02-10 05:06:01', '2019-02-10 05:06:01'),
(711, '2019-02-10', 1, 10, 2, 2019, NULL, 2, 'lunch', 231, '2019-02-10 05:06:13', '2019-02-10 05:06:13'),
(712, '2019-02-10', 1, 10, 2, 2019, NULL, 1, 'fare going camaman-an', 53, '2019-02-10 23:16:07', '2019-02-10 23:18:20'),
(713, '2019-02-10', 1, 10, 2, 2019, NULL, 3, 'grocery', 62, '2019-02-10 23:16:24', '2019-02-10 23:16:24'),
(714, '2019-02-11', 1, 11, 2, 2019, NULL, 1, 'fare going office', 7, '2019-02-10 23:18:09', '2019-02-10 23:18:09'),
(715, '2019-02-11', 1, 11, 2, 2019, NULL, 1, 'fare going gym and office', 13, '2019-02-11 02:17:21', '2019-02-11 02:17:21'),
(716, '2019-02-11', 1, 11, 2, 2019, NULL, 2, 'lunch', 52, '2019-02-11 05:29:03', '2019-02-11 05:29:03'),
(717, '2019-02-11', 1, 11, 2, 2019, NULL, 3, 'noelou borrowed', 1000, '2019-02-11 05:29:39', '2019-02-11 05:29:39'),
(718, '2019-02-11', 1, 11, 2, 2019, NULL, 1, 'fare going greenwich', 14, '2019-02-12 03:56:54', '2019-02-12 03:56:54'),
(719, '2019-02-11', 1, 11, 2, 2019, NULL, 2, 'dinner', 294, '2019-02-12 03:57:06', '2019-02-12 03:57:06'),
(720, '2019-02-11', 1, 11, 2, 2019, NULL, 3, 'tambal', 80, '2019-02-12 03:57:34', '2019-02-12 03:57:34'),
(721, '2019-02-11', 1, 11, 2, 2019, NULL, 1, 'fare going ayala', 14, '2019-02-12 03:57:46', '2019-02-12 03:57:46'),
(722, '2019-02-11', 1, 11, 2, 2019, NULL, 1, 'fare going camaman-an', 40, '2019-02-12 03:58:01', '2019-02-12 03:58:01'),
(723, '2019-02-11', 1, 11, 2, 2019, NULL, 1, 'taxi', 24, '2019-02-12 03:58:28', '2019-02-12 03:58:28'),
(724, '2019-02-12', 1, 12, 2, 2019, NULL, 1, 'taxi', 183, '2019-02-12 03:58:36', '2019-02-12 03:58:36'),
(725, '2019-02-12', 1, 12, 2, 2019, NULL, 2, 'lunch', 48, '2019-02-12 10:10:52', '2019-02-12 10:10:52'),
(726, '2019-02-12', 1, 12, 2, 2019, NULL, 2, 'snack', 78, '2019-02-12 10:11:10', '2019-02-12 10:11:10'),
(727, '2019-02-12', 1, 12, 2, 2019, NULL, 3, 'liane bday', 500, '2019-02-12 10:11:21', '2019-02-12 10:11:21'),
(728, '2019-02-12', 1, 12, 2, 2019, NULL, 1, 'taxi', 95, '2019-02-12 22:53:36', '2019-02-12 22:53:36'),
(729, '2019-02-12', 1, 12, 2, 2019, NULL, 1, 'fare going dear manok', 13, '2019-02-12 22:53:49', '2019-02-12 22:53:49'),
(730, '2019-02-13', 1, 13, 2, 2019, NULL, 1, 'fare going gym', 7, '2019-02-13 03:22:57', '2019-02-13 03:22:57'),
(731, '2019-02-13', 1, 13, 2, 2019, NULL, 2, 'breakfast', 122, '2019-02-13 03:23:36', '2019-02-13 03:23:36'),
(732, '2019-02-13', 1, 13, 2, 2019, NULL, 1, 'fare going office', 14, '2019-02-13 03:23:48', '2019-02-13 03:23:48'),
(733, '2019-02-13', 1, 13, 2, 2019, NULL, 3, 'flowers', 300, '2019-02-13 03:23:56', '2019-02-13 03:23:56'),
(734, '2019-02-13', 1, 13, 2, 2019, NULL, 2, 'lunch', 154, '2019-02-13 04:44:13', '2019-02-13 04:44:13'),
(735, '2019-02-13', 1, 13, 2, 2019, NULL, 1, 'fare going bowties', 14, '2019-02-13 23:39:17', '2019-02-13 23:39:17'),
(736, '2019-02-13', 1, 13, 2, 2019, NULL, 2, 'dinner', 194, '2019-02-13 23:39:25', '2019-02-13 23:39:25'),
(737, '2019-02-13', 1, 13, 2, 2019, NULL, 1, 'fare going cogon', 17, '2019-02-13 23:39:42', '2019-02-13 23:39:42'),
(738, '2019-02-13', 1, 13, 2, 2019, NULL, 1, 'fare going home', 32, '2019-02-13 23:39:57', '2019-02-13 23:39:57'),
(739, '2019-02-14', 1, 14, 2, 2019, NULL, 3, 'grocery', 262, '2019-02-14 03:13:07', '2019-02-14 03:13:07'),
(740, '2019-02-14', 1, 14, 2, 2019, NULL, 1, 'fare going rib nd bibs', 14, '2019-02-14 23:04:42', '2019-02-14 23:04:42'),
(741, '2019-02-14', 1, 14, 2, 2019, NULL, 2, 'dinner', 520, '2019-02-14 23:04:57', '2019-02-14 23:04:57'),
(742, '2019-02-14', 1, 14, 2, 2019, NULL, 1, 'fare going camaman-an', 37, '2019-02-14 23:05:11', '2019-02-14 23:05:11'),
(743, '2019-02-14', 1, 14, 2, 2019, NULL, 3, 'ice cream', 350, '2019-02-14 23:05:52', '2019-02-14 23:05:52'),
(744, '2019-02-14', 1, 14, 2, 2019, NULL, 1, 'taxi', 190, '2019-02-14 23:05:59', '2019-02-14 23:05:59'),
(745, '2019-02-15', 1, 15, 2, 2019, NULL, 1, 'fare going gym and office', 14, '2019-02-16 05:39:19', '2019-02-16 05:39:19'),
(746, '2019-02-15', 1, 15, 2, 2019, NULL, 1, 'fare going chowking and office', 28, '2019-02-16 05:39:34', '2019-02-16 05:39:34'),
(747, '2019-02-15', 1, 15, 2, 2019, NULL, 2, 'lunch', 185, '2019-02-16 05:39:44', '2019-02-16 05:39:44'),
(748, '2019-02-15', 1, 15, 2, 2019, NULL, 1, 'fare going fruit stand', 14, '2019-02-16 05:40:03', '2019-02-16 05:40:03'),
(749, '2019-02-15', 1, 15, 2, 2019, NULL, 2, 'dinner', 104, '2019-02-16 05:40:21', '2019-02-16 05:40:21'),
(750, '2019-02-15', 1, 15, 2, 2019, NULL, 1, 'fare going camaman-an', 30, '2019-02-16 05:40:31', '2019-02-16 05:40:31'),
(751, '2019-02-15', 1, 15, 2, 2019, NULL, 1, 'fare going home', 40, '2019-02-16 05:40:49', '2019-02-16 05:40:49'),
(752, '2019-02-16', 1, 16, 2, 2019, NULL, 1, 'taxi', 183, '2019-02-16 05:40:58', '2019-02-16 05:40:58'),
(753, '2019-02-16', 1, 16, 2, 2019, NULL, 2, 'lunch', 160, '2019-02-16 05:41:14', '2019-02-16 05:41:14'),
(754, '2019-02-16', 1, 16, 2, 2019, NULL, 1, 'fare going ayala', 14, '2019-02-16 13:42:51', '2019-02-16 13:42:51'),
(755, '2019-02-16', 1, 16, 2, 2019, NULL, 3, 'timezone', 150, '2019-02-16 13:43:06', '2019-02-16 13:43:06'),
(756, '2019-02-16', 1, 16, 2, 2019, NULL, 2, 'dinner', 245, '2019-02-16 13:43:32', '2019-02-16 13:43:32'),
(757, '2019-02-16', 1, 16, 2, 2019, NULL, 1, 'fare going cogon and sm downtown', 28, '2019-02-16 13:44:00', '2019-02-16 13:44:00'),
(758, '2019-02-16', 1, 16, 2, 2019, NULL, 2, 'drink', 92, '2019-02-16 13:44:22', '2019-02-16 13:44:22'),
(759, '2019-02-16', 1, 16, 2, 2019, NULL, 3, 'quantum', 100, '2019-02-16 13:44:32', '2019-02-16 13:44:32'),
(760, '2019-02-17', 1, 17, 2, 2019, NULL, 2, 'lunch', 180, '2019-02-17 03:08:06', '2019-02-17 03:08:06'),
(761, '2019-02-17', 1, 17, 2, 2019, NULL, 1, 'fare going cogon and camaman-an', 28, '2019-02-17 23:35:38', '2019-02-17 23:35:38'),
(762, '2019-02-17', 1, 17, 2, 2019, NULL, 2, 'apple', 20, '2019-02-17 23:35:45', '2019-02-17 23:35:45'),
(763, '2019-02-17', 1, 17, 2, 2019, NULL, 1, 'fare going ketkai', 13, '2019-02-17 23:36:15', '2019-02-17 23:36:15'),
(764, '2019-02-17', 1, 17, 2, 2019, NULL, 2, 'pizza', 28, '2019-02-17 23:36:26', '2019-02-17 23:36:26'),
(765, '2019-02-17', 1, 17, 2, 2019, NULL, 2, 'orange juice', 45, '2019-02-17 23:36:35', '2019-02-17 23:36:35'),
(766, '2019-02-18', 1, 18, 2, 2019, NULL, 1, 'fare going office', 7, '2019-02-17 23:37:32', '2019-02-17 23:37:32'),
(767, '2019-02-18', 1, 18, 2, 2019, NULL, 2, 'lunch', 129, '2019-02-18 04:10:48', '2019-02-18 04:10:48'),
(768, '2019-02-18', 1, 18, 2, 2019, NULL, 1, 'fare going wadhus', 14, '2019-02-18 22:43:47', '2019-02-18 22:43:47'),
(769, '2019-02-18', 1, 18, 2, 2019, NULL, 1, 'taxi', 170, '2019-02-18 22:43:54', '2019-02-18 22:43:54'),
(770, '2019-02-18', 1, 18, 2, 2019, NULL, 3, 'fungisol', 159, '2019-02-18 22:44:03', '2019-02-18 22:44:03'),
(771, '2019-02-19', 1, 19, 2, 2019, NULL, 1, 'fare going gym and office', 14, '2019-02-19 03:17:23', '2019-02-19 03:17:23'),
(772, '2019-02-19', 1, 19, 2, 2019, NULL, 2, 'lunch', 42, '2019-02-19 04:43:25', '2019-02-19 04:43:25'),
(773, '2019-02-19', 1, 19, 2, 2019, NULL, 2, 'dinner', 109, '2019-02-19 11:30:44', '2019-02-19 23:24:16'),
(774, '2019-02-19', 1, 19, 2, 2019, NULL, 1, 'fare going camaman-an', 30, '2019-02-19 23:24:08', '2019-02-19 23:24:08'),
(775, '2019-02-19', 1, 19, 2, 2019, NULL, 1, 'taxi', 83, '2019-02-19 23:24:27', '2019-02-19 23:24:27'),
(776, '2019-02-19', 1, 19, 2, 2019, NULL, 1, 'taxi', 170, '2019-02-19 23:24:37', '2019-02-19 23:24:37'),
(777, '2019-02-20', 1, 20, 2, 2019, NULL, 1, 'fare', 14, '2019-02-21 00:38:48', '2019-02-21 00:38:48'),
(779, '2019-02-21', 1, 21, 2, 2019, NULL, 2, 'coffee', 30, '2019-02-21 06:31:47', '2019-02-21 06:31:47'),
(780, '2019-02-22', 1, 22, 2, 2019, NULL, 1, 'fare', 6, '2019-02-21 23:15:09', '2019-02-21 23:15:09'),
(781, '2019-02-22', 1, 22, 2, 2019, NULL, 2, 'lunch', 321, '2019-02-22 05:07:59', '2019-02-22 05:07:59'),
(782, '2019-02-23', 1, 23, 2, 2019, NULL, 1, 'fare going pabayo', 7, '2019-02-24 01:29:52', '2019-02-24 01:29:52'),
(783, '2019-02-23', 1, 23, 2, 2019, NULL, 2, 'breakfast', 141, '2019-02-24 01:30:26', '2019-02-24 01:30:26'),
(784, '2019-02-23', 1, 23, 2, 2019, NULL, 1, 'fare going office', 14, '2019-02-24 01:30:37', '2019-02-24 01:30:37'),
(785, '2019-02-23', 1, 23, 2, 2019, NULL, 1, 'fare going pabayo and ayala', 28, '2019-02-24 01:30:58', '2019-02-24 01:30:58'),
(786, '2019-02-23', 1, 23, 2, 2019, NULL, 2, 'chingkeetea', 170, '2019-02-24 01:31:24', '2019-02-24 01:31:24'),
(787, '2019-02-23', 1, 23, 2, 2019, NULL, 3, 'movie', 400, '2019-02-24 01:31:31', '2019-02-24 01:31:31'),
(788, '2019-02-23', 1, 23, 2, 2019, NULL, 2, 'taters', 190, '2019-02-24 01:31:48', '2019-02-24 01:31:48'),
(789, '2019-02-23', 1, 23, 2, 2019, NULL, 2, 'water', 20, '2019-02-24 01:31:55', '2019-02-24 01:31:55'),
(790, '2019-02-23', 1, 23, 2, 2019, NULL, 3, 'timezone', 170, '2019-02-24 01:32:28', '2019-02-24 01:32:28'),
(791, '2019-02-23', 1, 23, 2, 2019, NULL, 1, 'fare going pabayo and corralles', 28, '2019-02-24 01:32:40', '2019-02-24 01:32:40'),
(792, '2019-02-23', 1, 23, 2, 2019, NULL, 2, 'BFB', 386, '2019-02-24 01:32:59', '2019-02-24 01:32:59'),
(793, '2019-02-23', 1, 23, 2, 2019, NULL, 1, 'fare going office and pabayo', 21, '2019-02-24 01:33:11', '2019-02-24 01:33:11'),
(794, '2019-02-24', 1, 24, 2, 2019, NULL, 1, 'taxi', 180, '2019-02-24 01:33:53', '2019-02-24 01:33:53'),
(795, '2019-02-24', 1, 24, 2, 2019, NULL, 1, 'fare going cathedral', 14, '2019-02-24 06:04:25', '2019-02-24 06:04:25'),
(796, '2019-02-24', 1, 24, 2, 2019, NULL, 3, 'candle', 8, '2019-02-24 06:04:36', '2019-02-24 06:04:36'),
(797, '2019-02-24', 1, 24, 2, 2019, NULL, 2, 'snack', 30, '2019-02-24 06:04:47', '2019-02-24 06:04:47'),
(798, '2019-02-24', 1, 24, 2, 2019, NULL, 1, 'fare going office', 14, '2019-02-24 06:04:58', '2019-02-24 06:04:58'),
(799, '2019-02-24', 1, 24, 2, 2019, NULL, 2, 'lunch', 193, '2019-02-24 06:05:27', '2019-02-24 06:05:27'),
(800, '2019-02-24', 1, 24, 2, 2019, NULL, 1, 'fare', 79, '2019-02-25 02:10:24', '2019-02-25 02:10:24'),
(801, '2019-02-25', 1, 25, 2, 2019, NULL, 1, 'taxi', 184, '2019-02-25 02:12:02', '2019-02-25 02:12:02'),
(802, '2019-02-25', 1, 25, 2, 2019, NULL, 2, 'breakfast', 45, '2019-02-25 02:12:22', '2019-02-25 02:12:22'),
(803, '2019-02-25', 1, 25, 2, 2019, NULL, 2, 'water', 25, '2019-02-25 02:12:32', '2019-02-25 02:12:32'),
(804, '2019-02-25', 1, 25, 2, 2019, NULL, 1, 'fare', 7, '2019-02-25 02:12:50', '2019-02-25 02:12:50'),
(805, '2019-02-25', 1, 25, 2, 2019, NULL, 1, 'fare going cathedral', 14, '2019-02-25 22:34:32', '2019-02-25 22:34:32'),
(806, '2019-02-25', 1, 25, 2, 2019, NULL, 2, 'dinner', 130, '2019-02-25 22:34:51', '2019-02-25 22:34:51'),
(807, '2019-02-25', 1, 25, 2, 2019, NULL, 1, 'fare going camaman-an and ayala', 53, '2019-02-25 22:35:33', '2019-02-25 22:35:33'),
(808, '2019-02-26', 1, 26, 2, 2019, NULL, 2, 'coffee', 50, '2019-02-27 02:44:01', '2019-02-27 02:44:01'),
(809, '2019-02-26', 1, 26, 2, 2019, NULL, 1, 'fare going camaman-an', 57, '2019-02-27 02:44:24', '2019-02-27 02:44:24'),
(810, '2019-02-26', 1, 26, 2, 2019, NULL, 1, 'papa fare', 50, '2019-02-27 02:51:44', '2019-02-27 02:51:44'),
(811, '2019-02-27', 1, 27, 2, 2019, NULL, 2, 'lunch', 50, '2019-02-27 06:09:00', '2019-02-27 06:09:00'),
(812, '2019-02-27', 1, 27, 2, 2019, NULL, 1, 'fare', 21, '2019-02-27 06:09:08', '2019-02-27 06:09:08'),
(813, '2019-02-27', 1, 27, 2, 2019, NULL, 2, 'tea', 90, '2019-02-27 06:09:17', '2019-02-27 06:09:17'),
(814, '2019-02-27', 1, 27, 2, 2019, NULL, 2, 'dinner', 60, '2019-02-28 02:03:47', '2019-02-28 02:03:47'),
(815, '2019-02-27', 1, 27, 2, 2019, NULL, 1, 'fare going camaman-an and polymedic', 54, '2019-02-28 02:04:05', '2019-02-28 02:04:05'),
(816, '2019-03-01', 1, 1, 3, 2019, NULL, 3, 'sec', 238, '2019-03-01 01:12:37', '2019-03-01 01:12:37'),
(817, '2019-03-01', 1, 1, 3, 2019, NULL, 2, 'lunch', 342, '2019-03-01 01:13:00', '2019-03-01 01:13:00'),
(818, '2019-03-01', 1, 1, 3, 2019, NULL, 3, 'grocery', 74, '2019-03-01 01:13:23', '2019-03-01 01:13:23'),
(819, '2019-03-01', 1, 1, 3, 2019, NULL, 1, 'fare', 21, '2019-03-01 01:15:11', '2019-03-01 01:18:51'),
(820, '2019-03-02', 1, 2, 3, 2019, NULL, 2, 'breakfast', 155, '2019-03-01 01:19:30', '2019-03-01 01:19:30'),
(821, '2019-03-02', 1, 2, 3, 2019, NULL, 1, 'fare', 6, '2019-03-01 01:19:37', '2019-03-01 01:19:37'),
(822, '2019-03-02', 1, 2, 3, 2019, NULL, 2, 'lunch', 45, '2019-03-01 05:38:11', '2019-03-01 05:38:11'),
(823, '2019-03-02', 1, 2, 3, 2019, NULL, 3, 'avamys nasal spray', 800, '2019-03-01 07:13:46', '2019-03-01 07:13:46'),
(824, '2019-03-02', 1, 2, 3, 2019, NULL, 1, 'fare to wadhus', 14, '2019-03-02 08:05:57', '2019-03-02 08:05:57'),
(825, '2019-03-03', 1, 3, 3, 2019, NULL, 1, 'fare', 21, '2019-03-02 08:22:23', '2019-03-02 08:22:23'),
(826, '2019-03-03', 1, 3, 3, 2019, NULL, 2, 'lunch', 245, '2019-03-02 08:23:33', '2019-03-02 08:23:33'),
(827, '2019-03-03', 1, 3, 3, 2019, NULL, 2, 'coffee', 365, '2019-03-02 08:23:44', '2019-03-02 08:23:44'),
(828, '2019-03-03', 1, 3, 3, 2019, NULL, 1, 'fare going cafe', 15, '2019-03-02 08:23:57', '2019-03-02 08:23:57'),
(829, '2019-03-03', 1, 3, 3, 2019, NULL, 1, 'fare going camaman-an', 58, '2019-03-03 23:15:42', '2019-03-03 23:15:42'),
(830, '2019-03-03', 1, 3, 3, 2019, NULL, 2, 'snack', 40, '2019-03-03 23:15:53', '2019-03-03 23:15:53'),
(831, '2019-03-03', 1, 3, 3, 2019, NULL, 1, 'fare going cogon and dv', 28, '2019-03-03 23:16:08', '2019-03-03 23:16:08'),
(832, '2019-03-04', 1, 4, 3, 2019, NULL, 2, 'breakfast', 70, '2019-03-03 23:16:18', '2019-03-03 23:16:18'),
(833, '2019-03-04', 1, 4, 3, 2019, NULL, 2, 'lunch', 55, '2019-03-04 08:20:44', '2019-03-04 08:20:44'),
(834, '2019-03-04', 1, 4, 3, 2019, NULL, 2, 'snack', 47, '2019-03-04 08:20:52', '2019-03-04 08:20:52'),
(836, '2019-03-04', 1, 4, 3, 2019, NULL, 1, 'fare going mcdo', 14, '2019-03-05 05:58:50', '2019-03-05 05:58:50'),
(837, '2019-03-04', 1, 4, 3, 2019, NULL, 2, 'dinner', 255, '2019-03-05 06:00:53', '2019-03-05 06:00:53'),
(838, '2019-03-04', 1, 4, 3, 2019, NULL, 1, 'fare going camamn-an', 40, '2019-03-05 06:01:31', '2019-03-05 06:01:31'),
(839, '2019-03-04', 1, 4, 3, 2019, NULL, 1, 'taxi', 189, '2019-03-05 06:01:51', '2019-03-05 06:01:51'),
(840, '2019-03-05', 1, 5, 3, 2019, NULL, 1, 'taxi', 184, '2019-03-05 06:02:03', '2019-03-05 06:02:03'),
(841, '2019-03-05', 1, 5, 3, 2019, NULL, 2, 'lunch', 100, '2019-03-05 06:02:48', '2019-03-05 06:02:48'),
(842, '2019-03-05', 1, 5, 3, 2019, NULL, 3, 'misc', 200, '2019-03-05 06:03:50', '2019-03-05 06:03:50'),
(843, '2019-03-05', 1, 5, 3, 2019, NULL, 2, 'coffee', 238, '2019-03-05 06:03:59', '2019-03-05 06:03:59'),
(844, '2019-03-05', 1, 5, 3, 2019, NULL, 1, 'fare', 7, '2019-03-05 06:10:19', '2019-03-05 06:10:19'),
(845, '2019-03-05', 1, 5, 3, 2019, NULL, 2, 'dinner', 80, '2019-03-05 22:50:44', '2019-03-05 22:50:44'),
(846, '2019-03-05', 1, 5, 3, 2019, NULL, 1, 'taxi', 76, '2019-03-05 22:50:58', '2019-03-05 22:50:58'),
(847, '2019-03-06', 1, 6, 3, 2019, NULL, 2, 'lunch', 105, '2019-03-06 06:03:23', '2019-03-06 06:03:23'),
(848, '2019-03-06', 1, 6, 3, 2019, NULL, 2, 'snack', 40, '2019-03-06 09:22:12', '2019-03-06 09:22:12'),
(849, '2019-03-06', 1, 6, 3, 2019, NULL, 2, 'dinner', 95, '2019-03-06 23:08:51', '2019-03-06 23:08:51'),
(850, '2019-03-06', 1, 6, 3, 2019, NULL, 1, 'fare going ayala', 7, '2019-03-06 23:08:59', '2019-03-06 23:08:59'),
(852, '2019-03-03', 1, 3, 3, 2019, NULL, 1, 'taxi', 100, '2019-03-06 23:14:50', '2019-03-06 23:14:50'),
(853, '2019-03-03', 1, 3, 3, 2019, NULL, 3, 'shoes and slacks', 900, '2019-03-06 23:15:02', '2019-03-06 23:15:02'),
(854, '2019-03-07', 1, 7, 3, 2019, NULL, 1, 'fare', 7, '2019-03-07 02:08:53', '2019-03-07 02:08:53'),
(855, '2019-03-07', 1, 7, 3, 2019, NULL, 3, 'sec', 40, '2019-03-07 02:09:48', '2019-03-07 02:09:48'),
(856, '2019-03-07', 1, 7, 3, 2019, NULL, 2, 'lunch', 55, '2019-03-07 06:54:56', '2019-03-07 06:54:56'),
(857, '2019-03-07', 1, 7, 3, 2019, NULL, 1, 'fare', 61, '2019-03-08 02:21:04', '2019-03-08 02:21:04'),
(858, '2019-03-07', 1, 7, 3, 2019, NULL, 3, 'sec', 80, '2019-03-08 02:21:11', '2019-03-08 02:21:11'),
(859, '2019-03-07', 1, 7, 3, 2019, NULL, 1, 'taxi', 195, '2019-03-08 02:21:19', '2019-03-08 02:21:19'),
(860, '2019-03-08', 1, 8, 3, 2019, NULL, 1, 'fare', 14, '2019-03-08 02:21:31', '2019-03-08 02:21:31'),
(861, '2019-03-08', 1, 8, 3, 2019, NULL, 3, 'sec', 130, '2019-03-08 02:21:45', '2019-03-08 02:21:45'),
(862, '2019-03-08', 1, 8, 3, 2019, NULL, 2, 'lunch', 79, '2019-03-08 04:56:56', '2019-03-08 04:56:56'),
(863, '2019-03-08', 1, 8, 3, 2019, NULL, 1, 'fare', 28, '2019-03-08 05:50:32', '2019-03-08 05:50:32'),
(864, '2019-03-08', 1, 8, 3, 2019, NULL, 2, 'tea', 170, '2019-03-08 05:53:07', '2019-03-08 05:53:07'),
(865, '2019-03-08', 1, 8, 3, 2019, NULL, 1, 'fare to ayala', 14, '2019-03-09 02:24:40', '2019-03-09 02:24:40'),
(866, '2019-03-08', 1, 8, 3, 2019, NULL, 3, 'timezone', 150, '2019-03-09 02:24:51', '2019-03-09 02:24:51'),
(867, '2019-03-08', 1, 8, 3, 2019, NULL, 2, 'dinner', 134, '2019-03-09 02:25:08', '2019-03-09 02:25:08'),
(868, '2019-03-08', 1, 8, 3, 2019, NULL, 2, 'movie snack', 250, '2019-03-09 02:25:23', '2019-03-09 02:25:56'),
(869, '2019-03-08', 1, 8, 3, 2019, NULL, 1, 'taxi', 140, '2019-03-09 02:26:13', '2019-03-09 02:26:13'),
(870, '2019-03-09', 1, 9, 3, 2019, NULL, 2, 'lunch', 345, '2019-03-09 03:40:56', '2019-03-09 03:40:56'),
(871, '2019-03-09', 1, 9, 3, 2019, NULL, 3, 'grocery', 186, '2019-03-10 04:02:53', '2019-03-10 04:02:53'),
(872, '2019-03-09', 1, 9, 3, 2019, NULL, 1, 'taxi', 205, '2019-03-10 04:03:05', '2019-03-10 04:03:05'),
(873, '2019-03-09', 1, 9, 3, 2019, NULL, 3, 'misc', 2400, '2019-03-10 04:03:13', '2019-03-10 04:03:13'),
(874, '2019-03-09', 1, 9, 3, 2019, NULL, 2, 'dinner', 810, '2019-03-10 04:03:35', '2019-03-10 04:03:35'),
(875, '2019-03-10', 1, 10, 3, 2019, NULL, 1, 'taxi', 200, '2019-03-10 04:03:50', '2019-03-10 04:03:50'),
(876, '2019-03-10', 1, 10, 3, 2019, NULL, 1, 'fare going camaman-an', 50, '2019-03-10 10:50:41', '2019-03-10 10:50:41'),
(877, '2019-03-10', 1, 10, 3, 2019, NULL, 2, 'lunch', 70, '2019-03-10 10:50:50', '2019-03-10 10:50:50'),
(878, '2019-03-10', 1, 10, 3, 2019, NULL, 1, 'fare goin gaisano', 14, '2019-03-10 10:51:02', '2019-03-10 10:51:02'),
(879, '2019-03-11', 1, 11, 3, 2019, NULL, 1, 'fare', 21, '2019-03-11 11:20:50', '2019-03-11 11:20:50'),
(880, '2019-03-11', 1, 11, 3, 2019, NULL, 1, 'fare', 14, '2019-03-11 23:04:12', '2019-03-11 23:04:12'),
(881, '2019-03-11', 1, 11, 3, 2019, NULL, 2, 'dinner', 165, '2019-03-11 23:06:08', '2019-03-11 23:06:08'),
(882, '2019-03-11', 1, 11, 3, 2019, NULL, 1, 'fare', 44, '2019-03-11 23:06:24', '2019-03-11 23:06:24'),
(883, '2019-03-12', 1, 12, 3, 2019, NULL, 2, 'breakfast', 199, '2019-03-12 04:42:08', '2019-03-12 04:42:08'),
(884, '2019-03-12', 1, 12, 3, 2019, NULL, 2, 'lunch', 80, '2019-03-12 07:13:36', '2019-03-12 07:13:36'),
(885, '2019-03-12', 1, 12, 3, 2019, NULL, 1, 'fare', 28, '2019-03-12 11:06:35', '2019-03-12 11:06:35'),
(886, '2019-03-12', 1, 12, 3, 2019, NULL, 3, 'workout', 30, '2019-03-12 11:06:49', '2019-03-12 11:06:49'),
(887, '2019-03-12', 1, 12, 3, 2019, NULL, 1, 'fare', 21, '2019-03-12 23:06:02', '2019-03-12 23:06:02'),
(888, '2019-03-12', 1, 12, 3, 2019, NULL, 1, 'fare', 14, '2019-03-12 23:06:10', '2019-03-12 23:06:10'),
(889, '2019-03-12', 1, 12, 3, 2019, NULL, 1, 'fare', 26, '2019-03-12 23:06:20', '2019-03-12 23:06:20'),
(890, '2019-03-12', 1, 12, 3, 2019, NULL, 1, 'fare', 30, '2019-03-12 23:06:28', '2019-03-12 23:06:28'),
(891, '2019-03-13', 1, 13, 3, 2019, NULL, 2, 'lunch', 110, '2019-03-13 04:45:40', '2019-03-13 04:45:40'),
(892, '2019-03-13', 1, 13, 3, 2019, NULL, 3, 'shiely borrowed', 1000, '2019-03-14 02:43:09', '2019-03-14 02:43:09'),
(893, '2019-03-13', 1, 13, 3, 2019, NULL, 1, 'fare', 14, '2019-03-14 02:43:18', '2019-03-14 02:43:18'),
(894, '2019-03-13', 1, 13, 3, 2019, NULL, 1, 'taxi', 173, '2019-03-14 02:43:26', '2019-03-14 02:43:26'),
(895, '2019-03-14', 1, 14, 3, 2019, NULL, 3, 's trim kilay', 100, '2019-03-14 02:43:40', '2019-03-14 02:43:40'),
(896, '2019-03-14', 1, 14, 3, 2019, NULL, 1, 'fare', 14, '2019-03-14 07:46:09', '2019-03-14 07:46:09'),
(897, '2019-03-14', 1, 14, 3, 2019, NULL, 2, 'lunch', 45, '2019-03-14 07:46:20', '2019-03-14 07:46:20'),
(898, '2019-03-14', 1, 14, 3, 2019, NULL, 2, 'snack', 20, '2019-03-14 07:46:26', '2019-03-14 07:46:26'),
(899, '2019-03-14', 1, 14, 3, 2019, NULL, 1, 'fare', 14, '2019-03-15 01:35:30', '2019-03-15 01:35:30'),
(900, '2019-03-15', 1, 15, 3, 2019, NULL, 3, 'grocery', 146, '2019-03-15 01:54:47', '2019-03-15 01:54:47'),
(901, '2019-03-14', 1, 14, 3, 2019, NULL, 3, 'lazada gamepad and usb', 2514, '2019-03-15 02:42:26', '2019-03-15 02:42:26'),
(902, '2019-03-15', 1, 15, 3, 2019, NULL, 2, 'lunch', 35, '2019-03-15 05:07:52', '2019-03-15 05:07:52'),
(903, '2019-03-15', 1, 15, 3, 2019, NULL, 1, 'fare', 28, '2019-03-15 08:08:14', '2019-03-15 08:08:14'),
(905, '2019-03-15', 1, 15, 3, 2019, NULL, 3, 'tshirt, knife and belt', 330, '2019-03-15 08:09:23', '2019-03-15 08:09:23'),
(906, '2019-03-15', 1, 15, 3, 2019, NULL, 2, 'snack', 40, '2019-03-15 08:09:34', '2019-03-15 08:09:34'),
(907, '2019-03-15', 1, 15, 3, 2019, NULL, 3, 'load', 700, '2019-03-15 10:06:14', '2019-03-15 10:06:14'),
(908, '2019-03-15', 1, 15, 3, 2019, NULL, 1, 'fare', 54, '2019-03-16 13:19:14', '2019-03-16 13:19:14'),
(909, '2019-03-16', 1, 16, 3, 2019, NULL, 3, 'powder', 26, '2019-03-16 13:19:38', '2019-03-16 13:19:38'),
(910, '2019-03-16', 1, 16, 3, 2019, NULL, 1, 'fare', 14, '2019-03-16 13:19:55', '2019-03-16 13:19:55'),
(911, '2019-03-16', 1, 16, 3, 2019, NULL, 2, 'dinner', 154, '2019-03-16 13:21:17', '2019-03-16 13:21:17'),
(912, '2019-03-16', 1, 16, 3, 2019, NULL, 1, 'taxi', 300, '2019-03-17 06:51:27', '2019-03-17 06:51:27'),
(913, '2019-03-17', 1, 17, 3, 2019, NULL, 1, 'taxi', 166, '2019-03-17 06:51:43', '2019-03-17 06:51:43'),
(914, '2019-03-17', 1, 17, 3, 2019, NULL, 2, 'lunch', 90, '2019-03-17 06:51:55', '2019-03-17 06:51:55'),
(915, '2019-03-17', 1, 17, 3, 2019, NULL, 1, 'fare', 60, '2019-03-17 23:12:07', '2019-03-17 23:12:07'),
(916, '2019-03-17', 1, 17, 3, 2019, NULL, 3, 'utan', 30, '2019-03-17 23:12:17', '2019-03-17 23:12:17'),
(917, '2019-03-18', 1, 18, 3, 2019, NULL, 3, 'liane/mama/papa', 100, '2019-03-17 23:12:37', '2019-03-17 23:12:37'),
(918, '2019-03-18', 1, 18, 3, 2019, NULL, 1, 'fare', 6, '2019-03-17 23:12:44', '2019-03-17 23:12:44'),
(919, '2019-03-18', 1, 18, 3, 2019, NULL, 1, 'fare', 14, '2019-03-18 01:35:44', '2019-03-18 01:35:44'),
(920, '2019-03-18', 1, 18, 3, 2019, NULL, 3, 'gym', 50, '2019-03-18 01:35:53', '2019-03-18 01:35:53'),
(921, '2019-03-18', 1, 18, 3, 2019, NULL, 2, 'lunch', 45, '2019-03-18 04:46:25', '2019-03-18 04:46:25'),
(922, '2019-03-18', 1, 18, 3, 2019, NULL, 2, 'tea', 100, '2019-03-18 08:26:53', '2019-03-18 08:26:53'),
(923, '2019-03-18', 1, 18, 3, 2019, NULL, 1, 'fare', 14, '2019-03-18 12:58:03', '2019-03-18 12:58:03'),
(924, '2019-03-18', 1, 18, 3, 2019, NULL, 2, 'dinner', 171, '2019-03-18 12:58:11', '2019-03-18 12:58:11'),
(925, '2019-03-19', 1, 19, 3, 2019, NULL, 2, 'lunch', 95, '2019-03-19 06:05:53', '2019-03-19 06:05:53'),
(926, '2019-03-19', 1, 19, 3, 2019, NULL, 1, 'fare', 14, '2019-03-19 22:55:51', '2019-03-19 22:55:51'),
(927, '2019-03-19', 1, 19, 3, 2019, NULL, 2, 'dinner', 392, '2019-03-19 22:56:20', '2019-03-19 22:56:20'),
(928, '2019-03-19', 1, 19, 3, 2019, NULL, 1, 'fare', 103, '2019-03-19 22:56:43', '2019-03-19 22:56:43'),
(929, '2019-03-20', 1, 20, 3, 2019, NULL, 1, 'fare', 14, '2019-03-20 01:44:17', '2019-03-20 01:44:17'),
(930, '2019-03-20', 1, 20, 3, 2019, NULL, 3, 'gym', 100, '2019-03-20 01:44:26', '2019-03-20 01:44:26'),
(931, '2019-03-20', 1, 20, 3, 2019, NULL, 2, 'lunch', 40, '2019-03-20 07:03:01', '2019-03-20 07:03:01'),
(932, '2019-03-20', 1, 20, 3, 2019, NULL, 2, 'coffee', 94, '2019-03-20 07:03:08', '2019-03-20 07:03:08'),
(933, '2019-03-20', 1, 20, 3, 2019, NULL, 1, 'fare', 28, '2019-03-20 07:03:18', '2019-03-20 07:03:18'),
(934, '2019-03-20', 1, 20, 3, 2019, NULL, 3, 'church', 50, '2019-03-20 07:03:25', '2019-03-20 07:03:25'),
(935, '2019-03-21', 1, 21, 3, 2019, NULL, 2, 'snack', 16, '2019-03-21 08:40:22', '2019-03-21 08:40:22'),
(936, '2019-03-21', 1, 21, 3, 2019, NULL, 2, 'lunch', 52, '2019-03-21 08:40:33', '2019-03-21 08:40:33'),
(937, '2019-03-21', 1, 21, 3, 2019, NULL, 2, 'snack', 100, '2019-03-21 22:53:10', '2019-03-21 22:53:10'),
(938, '2019-03-22', 1, 22, 3, 2019, NULL, 3, 'grocery', 224, '2019-03-22 05:56:59', '2019-03-22 05:56:59'),
(939, '2019-03-22', 1, 22, 3, 2019, NULL, 1, 'fare', 26, '2019-03-23 08:27:26', '2019-03-23 08:27:26'),
(940, '2019-03-22', 1, 22, 3, 2019, NULL, 2, 'snack', 15, '2019-03-23 08:27:35', '2019-03-23 08:27:35'),
(941, '2019-03-23', 1, 23, 3, 2019, NULL, 1, 'fare', 7, '2019-03-23 08:27:43', '2019-03-23 08:27:43'),
(942, '2019-03-23', 1, 23, 3, 2019, NULL, 2, 'breakfast', 176, '2019-03-23 08:30:43', '2019-03-23 08:30:43'),
(943, '2019-03-23', 1, 23, 3, 2019, NULL, 1, 'fare', 14, '2019-03-23 08:30:58', '2019-03-23 08:30:58'),
(944, '2019-03-23', 1, 23, 3, 2019, NULL, 3, 'wof', 50, '2019-03-23 08:31:19', '2019-03-23 08:31:19'),
(945, '2019-03-23', 1, 23, 3, 2019, NULL, 3, 'movie', 400, '2019-03-23 08:31:33', '2019-03-23 08:31:33'),
(946, '2019-03-23', 1, 23, 3, 2019, NULL, 2, 'lunch', 243, '2019-03-23 08:33:19', '2019-03-23 08:33:19'),
(947, '2019-03-23', 1, 23, 3, 2019, NULL, 1, 'fare', 14, '2019-03-23 08:34:35', '2019-03-23 08:34:35'),
(948, '2019-03-23', 1, 23, 3, 2019, NULL, 1, 'fare', 14, '2019-03-24 00:19:33', '2019-03-24 00:19:33'),
(949, '2019-03-23', 1, 23, 3, 2019, NULL, 2, 'tea', 90, '2019-03-24 00:19:41', '2019-03-24 00:19:41'),
(950, '2019-03-23', 1, 23, 3, 2019, NULL, 3, 'game', 50, '2019-03-24 00:19:50', '2019-03-24 00:19:50'),
(951, '2019-03-23', 1, 23, 3, 2019, NULL, 1, 'fare', 47, '2019-03-24 00:20:04', '2019-03-24 00:20:04'),
(952, '2019-03-23', 1, 23, 3, 2019, NULL, 3, 'beer', 150, '2019-03-24 00:20:15', '2019-03-24 00:20:15'),
(953, '2019-03-24', 1, 24, 3, 2019, NULL, 1, 'fare', 14, '2019-03-24 00:20:26', '2019-03-24 00:20:26'),
(954, '2019-03-25', 1, 25, 3, 2019, NULL, 1, 'fare', 14, '2019-03-25 01:54:17', '2019-03-25 01:54:17'),
(955, '2019-03-25', 1, 25, 3, 2019, NULL, 3, 'gym', 100, '2019-03-25 01:54:52', '2019-03-25 01:54:52'),
(956, '2019-03-25', 1, 25, 3, 2019, NULL, 2, 'lunch', 98, '2019-03-25 05:09:18', '2019-03-25 05:09:18'),
(957, '2019-03-25', 1, 25, 3, 2019, NULL, 2, 'snack', 33, '2019-03-25 05:46:15', '2019-03-25 05:46:15'),
(958, '2019-03-25', 1, 25, 3, 2019, NULL, 2, 'snack', 32, '2019-03-25 08:58:40', '2019-03-25 08:58:40'),
(959, '2019-03-25', 1, 25, 3, 2019, NULL, 1, 'fare', 14, '2019-03-26 04:06:48', '2019-03-26 04:06:48'),
(960, '2019-03-25', 1, 25, 3, 2019, NULL, 3, 'systane', 318, '2019-03-26 04:07:01', '2019-03-26 04:07:01'),
(961, '2019-03-25', 1, 25, 3, 2019, NULL, 1, 'taxi', 164, '2019-03-26 04:07:13', '2019-03-26 04:07:13'),
(962, '2019-03-26', 1, 26, 3, 2019, NULL, 2, 'lunch', 100, '2019-03-26 04:36:39', '2019-03-26 04:36:39'),
(963, '2019-03-26', 1, 26, 3, 2019, NULL, 2, 'dinner', 100, '2019-03-26 22:37:47', '2019-03-26 22:37:47'),
(964, '2019-03-27', 1, 27, 3, 2019, NULL, 2, 'breakfast', 195, '2019-03-27 02:26:00', '2019-03-27 02:26:00'),
(965, '2019-03-27', 1, 27, 3, 2019, NULL, 1, 'fare', 21, '2019-03-27 02:26:16', '2019-03-27 02:26:16'),
(966, '2019-03-27', 1, 27, 3, 2019, NULL, 2, 'dinner', 129, '2019-03-27 23:24:45', '2019-03-27 23:24:45'),
(967, '2019-03-27', 1, 27, 3, 2019, NULL, 1, 'fare', 53, '2019-03-27 23:25:02', '2019-03-27 23:25:02'),
(968, '2019-03-28', 1, 28, 3, 2019, NULL, 1, 'fare', 4, '2019-03-27 23:34:03', '2019-03-27 23:34:03'),
(969, '2019-03-28', 1, 28, 3, 2019, NULL, 1, 'fare', 14, '2019-03-28 02:23:00', '2019-03-28 02:23:00'),
(970, '2019-03-28', 1, 28, 3, 2019, NULL, 2, 'lunch', 100, '2019-03-28 06:42:16', '2019-03-28 06:42:16'),
(971, '2019-03-28', 1, 28, 3, 2019, NULL, 1, 'fare', 21, '2019-03-28 11:50:12', '2019-03-28 11:50:12'),
(972, '2019-03-28', 1, 28, 3, 2019, NULL, 2, 'dinner', 240, '2019-03-28 11:50:29', '2019-03-28 11:50:29'),
(973, '2019-03-28', 1, 28, 3, 2019, NULL, 1, 'fare', 47, '2019-03-29 03:53:44', '2019-03-29 03:53:44'),
(974, '2019-03-28', 1, 28, 3, 2019, NULL, 1, 'taxi', 210, '2019-03-29 03:53:52', '2019-03-29 03:53:52'),
(975, '2019-03-29', 1, 29, 3, 2019, NULL, 1, 'fare', 27, '2019-03-29 03:54:04', '2019-03-29 03:54:04'),
(976, '2019-03-29', 1, 29, 3, 2019, NULL, 3, 'haircut', 115, '2019-03-29 03:54:26', '2019-03-29 03:54:26'),
(977, '2019-03-29', 1, 29, 3, 2019, NULL, 2, 'tea', 100, '2019-03-29 03:54:33', '2019-03-29 03:54:33');
INSERT INTO `expenses` (`id`, `full_date`, `user_id`, `day`, `month`, `year`, `category`, `category_id`, `description`, `value`, `created_at`, `updated_at`) VALUES
(978, '2019-03-29', 1, 29, 3, 2019, NULL, 2, 'lunch', 129, '2019-03-29 06:29:57', '2019-03-29 06:29:57'),
(979, '2019-03-29', 1, 29, 3, 2019, NULL, 2, 'snack', 148, '2019-03-29 10:37:27', '2019-03-29 10:37:27'),
(980, '2019-03-29', 1, 29, 3, 2019, NULL, 1, 'fare', 14, '2019-03-29 10:37:37', '2019-03-29 10:37:37'),
(981, '2019-03-29', 1, 29, 3, 2019, NULL, 2, 'dinner', 100, '2019-03-29 10:37:52', '2019-03-29 10:37:52'),
(982, '2019-03-29', 1, 29, 3, 2019, NULL, 2, 'mcdo', 65, '2019-03-30 10:22:58', '2019-03-30 10:22:58'),
(983, '2019-03-29', 1, 29, 3, 2019, NULL, 1, 'fare', 30, '2019-03-30 10:23:06', '2019-03-30 10:23:06'),
(984, '2019-03-29', 1, 29, 3, 2019, NULL, 1, 'taxi', 230, '2019-03-30 10:23:13', '2019-03-30 10:23:13'),
(985, '2019-03-30', 1, 30, 3, 2019, NULL, 1, 'fare', 20, '2019-03-30 10:23:22', '2019-03-30 10:23:22'),
(986, '2019-03-30', 1, 30, 3, 2019, NULL, 3, 'koze movie', 250, '2019-03-30 10:23:33', '2019-03-30 10:23:33'),
(987, '2019-03-30', 1, 30, 3, 2019, NULL, 2, 'tea', 190, '2019-03-30 10:25:00', '2019-03-30 10:25:00'),
(988, '2019-03-30', 1, 30, 3, 2019, NULL, 2, 'lunch', 170, '2019-03-30 10:25:26', '2019-03-30 10:25:26'),
(989, '2019-03-30', 1, 30, 3, 2019, NULL, 3, 'GC play', 100, '2019-03-30 10:26:14', '2019-03-30 10:26:14'),
(990, '2019-03-30', 1, 30, 3, 2019, NULL, 1, 'fare', 14, '2019-03-31 07:36:19', '2019-03-31 07:36:19'),
(991, '2019-03-30', 1, 30, 3, 2019, NULL, 2, 'dinner', 129, '2019-03-31 07:36:34', '2019-03-31 07:36:34'),
(992, '2019-03-30', 1, 30, 3, 2019, NULL, 1, 'fare', 39, '2019-03-31 07:36:54', '2019-03-31 07:36:54'),
(993, '2019-03-31', 1, 31, 3, 2019, NULL, 1, 'taxi', 167, '2019-03-31 07:37:04', '2019-03-31 07:37:04'),
(994, '2019-03-31', 1, 31, 3, 2019, NULL, 2, 'lunch', 385, '2019-03-31 07:37:21', '2019-03-31 07:37:21'),
(995, '2019-03-31', 1, 31, 3, 2019, NULL, 1, 'fare going edens', 60, '2019-03-31 07:37:32', '2019-03-31 07:37:32'),
(996, '2019-03-31', 1, 31, 3, 2019, NULL, 3, 'entrance', 70, '2019-03-31 07:37:47', '2019-03-31 07:37:47'),
(997, '2019-03-31', 1, 31, 3, 2019, NULL, 1, 'fare going dv', 60, '2019-03-31 07:37:55', '2019-03-31 07:37:55'),
(998, '2019-03-31', 1, 31, 3, 2019, NULL, 2, 'cold choco', 50, '2019-03-31 07:38:08', '2019-03-31 07:38:08'),
(999, '2019-03-31', 1, 31, 3, 2019, NULL, 1, 'fare', 14, '2019-03-31 07:38:14', '2019-03-31 07:38:14'),
(1000, '2019-03-31', 1, 31, 3, 2019, NULL, 2, 'fare going cogon', 14, '2019-04-01 03:18:55', '2019-04-01 03:18:55'),
(1001, '2019-03-31', 1, 31, 3, 2019, NULL, 2, 'balot/penoy', 40, '2019-04-01 03:19:08', '2019-04-01 03:19:08'),
(1002, '2019-03-31', 1, 31, 3, 2019, NULL, 3, 'flowers', 80, '2019-04-01 03:19:19', '2019-04-01 03:19:19'),
(1003, '2019-03-31', 1, 31, 3, 2019, NULL, 1, 'fare', 28, '2019-04-01 03:19:33', '2019-04-01 03:19:33'),
(1004, '2019-03-31', 1, 31, 3, 2019, NULL, 3, 'gift', 400, '2019-04-01 03:19:59', '2019-04-01 03:19:59'),
(1005, '2019-04-01', 1, 1, 4, 2019, NULL, 1, 'fare', 30, '2019-04-01 03:21:56', '2019-04-01 03:21:56'),
(1006, '2019-04-01', 1, 1, 4, 2019, NULL, 1, 'fare', 42, '2019-04-01 03:22:27', '2019-04-01 03:22:27'),
(1007, '2019-04-01', 1, 1, 4, 2019, NULL, 3, 'misc', 960, '2019-04-01 03:22:38', '2019-04-01 03:22:38'),
(1008, '2019-04-01', 1, 1, 4, 2019, NULL, 2, 'snack', 120, '2019-04-01 04:59:08', '2019-04-01 04:59:08'),
(1009, '2019-04-01', 1, 1, 4, 2019, NULL, 2, 'lunch', 162, '2019-04-01 04:59:20', '2019-04-01 04:59:20'),
(1010, '2019-04-01', 1, 1, 4, 2019, NULL, 1, 'taxi', 200, '2019-04-01 22:22:05', '2019-04-01 22:22:05'),
(1011, '2019-04-01', 1, 1, 4, 2019, NULL, 3, 'bpi service charge', 200, '2019-04-01 22:24:04', '2019-04-01 22:24:04'),
(1012, '2019-04-02', 1, 2, 4, 2019, NULL, 2, 'lunch', 154, '2019-04-02 05:23:51', '2019-04-02 05:23:51'),
(1013, '2019-04-02', 1, 2, 4, 2019, NULL, 2, 'snack', 52, '2019-04-02 05:24:09', '2019-04-02 05:24:09'),
(1014, '2019-04-02', 1, 2, 4, 2019, NULL, 1, 'fare', 28, '2019-04-02 08:55:56', '2019-04-02 08:55:56'),
(1015, '2019-04-02', 1, 2, 4, 2019, NULL, 3, 'cake for papa', 800, '2019-04-02 08:56:07', '2019-04-02 08:56:07'),
(1016, '2019-04-02', 1, 2, 4, 2019, NULL, 1, 'fare', 21, '2019-04-02 22:55:03', '2019-04-02 22:55:03'),
(1017, '2019-04-03', 1, 3, 4, 2019, NULL, 1, 'fare', 7, '2019-04-02 22:55:11', '2019-04-02 22:55:11'),
(1018, '2019-04-03', 1, 3, 4, 2019, NULL, 1, 'fare', 14, '2019-04-03 02:28:57', '2019-04-03 02:28:57'),
(1019, '2019-04-03', 1, 3, 4, 2019, NULL, 3, 'snack', 70, '2019-04-03 02:29:07', '2019-04-03 02:29:07'),
(1020, '2019-04-03', 1, 3, 4, 2019, NULL, 1, 'fare', 28, '2019-04-03 05:07:00', '2019-04-03 05:07:00'),
(1021, '2019-04-02', 1, 2, 4, 2019, NULL, 3, 'shiely borrowed', 500, '2019-04-03 05:07:10', '2019-04-03 05:07:10'),
(1022, '2019-04-03', 1, 3, 4, 2019, NULL, 2, 'lunch', 228, '2019-04-03 05:07:29', '2019-04-03 05:07:29'),
(1023, '2019-04-03', 1, 3, 4, 2019, NULL, 1, 'fare', 14, '2019-04-03 23:01:00', '2019-04-03 23:01:00'),
(1024, '2019-04-03', 1, 3, 4, 2019, NULL, 2, 'tea', 180, '2019-04-03 23:01:17', '2019-04-03 23:01:17'),
(1025, '2019-04-03', 1, 3, 4, 2019, NULL, 2, 'dinner and play', 90, '2019-04-03 23:01:32', '2019-04-03 23:01:32'),
(1026, '2019-04-03', 1, 3, 4, 2019, NULL, 1, 'fare', 66, '2019-04-03 23:01:49', '2019-04-03 23:01:49'),
(1027, '2019-04-04', 1, 4, 4, 2019, NULL, 1, 'fare', 7, '2019-04-03 23:01:55', '2019-04-03 23:01:55'),
(1028, '2019-04-03', 1, 3, 4, 2019, NULL, 3, 'gym', 100, '2019-04-03 23:03:52', '2019-04-03 23:03:52'),
(1029, '2019-04-04', 1, 4, 4, 2019, NULL, 2, 'lunch', 87, '2019-04-04 05:10:20', '2019-04-04 05:10:20'),
(1030, '2019-04-04', 1, 4, 4, 2019, NULL, 3, 'wax', 170, '2019-04-04 07:25:26', '2019-04-04 07:25:26'),
(1031, '2019-04-04', 1, 4, 4, 2019, NULL, 2, 'tea', 200, '2019-04-04 10:03:14', '2019-04-04 10:03:14'),
(1032, '2019-04-04', 1, 4, 4, 2019, NULL, 1, 'fare', 54, '2019-04-05 01:52:08', '2019-04-05 01:52:08'),
(1033, '2019-04-04', 1, 4, 4, 2019, NULL, 3, 'saging', 50, '2019-04-05 01:52:14', '2019-04-05 01:52:14'),
(1034, '2019-04-04', 1, 4, 4, 2019, NULL, 3, 'baloon', 30, '2019-04-05 01:52:24', '2019-04-05 01:52:24'),
(1035, '2019-04-05', 1, 5, 4, 2019, NULL, 2, 'fare', 7, '2019-04-05 01:52:30', '2019-04-05 01:52:30'),
(1036, '2019-04-05', 1, 5, 4, 2019, NULL, 1, 'fare', 14, '2019-04-05 01:52:36', '2019-04-05 01:52:36'),
(1037, '2019-04-05', 1, 5, 4, 2019, NULL, 2, 'breakfast', 50, '2019-04-05 01:52:55', '2019-04-05 01:52:55'),
(1038, '2019-04-05', 1, 5, 4, 2019, NULL, 1, 'fare', 14, '2019-04-05 01:53:03', '2019-04-05 01:53:03'),
(1039, '2019-04-05', 1, 5, 4, 2019, NULL, 3, 'baloon', 60, '2019-04-05 01:53:19', '2019-04-05 01:53:19'),
(1040, '2019-04-05', 1, 5, 4, 2019, NULL, 3, 'crown', 18, '2019-04-05 01:53:32', '2019-04-05 01:53:32'),
(1041, '2019-04-05', 1, 5, 4, 2019, NULL, 2, 'snack', 89, '2019-04-05 01:53:47', '2019-04-05 01:53:47'),
(1042, '2019-04-05', 1, 5, 4, 2019, NULL, 3, 'shiely', 1000, '2019-04-05 04:39:44', '2019-04-05 04:39:44'),
(1043, '2019-04-05', 1, 5, 4, 2019, NULL, 2, 'lunch', 52, '2019-04-05 04:39:54', '2019-04-05 04:39:54'),
(1044, '2019-04-05', 1, 5, 4, 2019, NULL, 2, 'snack', 30, '2019-04-05 08:13:55', '2019-04-05 08:13:55'),
(1045, '2019-04-05', 1, 5, 4, 2019, NULL, 1, 'fare', 14, '2019-04-06 04:15:49', '2019-04-06 04:15:49'),
(1046, '2019-04-05', 1, 5, 4, 2019, NULL, 3, 'cake', 350, '2019-04-06 04:16:03', '2019-04-06 04:16:03'),
(1047, '2019-04-05', 1, 5, 4, 2019, NULL, 3, 'dinner', 5132, '2019-04-06 04:16:32', '2019-04-06 04:16:32'),
(1048, '2019-04-05', 1, 5, 4, 2019, NULL, 1, 'fare', 28, '2019-04-06 04:16:45', '2019-04-06 04:16:45'),
(1049, '2019-04-05', 1, 5, 4, 2019, NULL, 3, 'misc', 1300, '2019-04-06 04:17:31', '2019-04-06 04:17:31'),
(1050, '2019-04-05', 1, 5, 4, 2019, NULL, 3, 'drinks', 170, '2019-04-06 04:18:10', '2019-04-06 04:18:10'),
(1051, '2019-04-06', 1, 6, 4, 2019, NULL, 2, 'breakfast', 220, '2019-04-06 04:18:56', '2019-04-06 04:18:56'),
(1052, '2019-04-06', 1, 6, 4, 2019, NULL, 1, 'fare', 14, '2019-04-06 04:19:07', '2019-04-06 04:19:07'),
(1053, '2019-04-06', 1, 6, 4, 2019, NULL, 1, 'fare', 14, '2019-04-06 11:46:25', '2019-04-06 11:46:25'),
(1054, '2019-04-06', 1, 6, 4, 2019, NULL, 2, 'lunch', 633, '2019-04-06 11:46:41', '2019-04-06 11:46:41'),
(1055, '2019-04-06', 1, 6, 4, 2019, NULL, 1, 'fare', 14, '2019-04-06 11:46:51', '2019-04-06 11:46:51'),
(1056, '2019-04-06', 1, 6, 4, 2019, NULL, 3, 'ktv', 100, '2019-04-06 11:47:00', '2019-04-06 11:47:00'),
(1057, '2019-04-06', 1, 6, 4, 2019, NULL, 2, 'bowties', 205, '2019-04-06 11:47:12', '2019-04-06 11:47:12'),
(1058, '2019-04-06', 1, 6, 4, 2019, NULL, 1, 'fare', 14, '2019-04-06 11:47:20', '2019-04-06 11:47:20'),
(1059, '2019-04-06', 1, 6, 4, 2019, NULL, 1, 'taxi', 120, '2019-04-06 11:48:00', '2019-04-06 11:48:00'),
(1060, '2019-04-06', 1, 6, 4, 2019, NULL, 1, 'fare', 20, '2019-04-06 11:48:13', '2019-04-06 11:48:13'),
(1061, '2019-04-06', 1, 6, 4, 2019, NULL, 3, 'shiely', 500, '2019-04-06 11:48:23', '2019-04-06 11:48:23'),
(1062, '2019-04-07', 1, 7, 4, 2019, NULL, 2, 'water', 15, '2019-04-07 06:12:19', '2019-04-07 06:12:19'),
(1063, '2019-04-07', 1, 7, 4, 2019, NULL, 1, 'fare', 14, '2019-04-07 06:12:33', '2019-04-07 06:12:33'),
(1064, '2019-04-07', 1, 7, 4, 2019, NULL, 2, 'lunch', 200, '2019-04-07 06:12:40', '2019-04-07 06:12:40'),
(1065, '2019-04-07', 1, 7, 4, 2019, NULL, 1, 'fare', 44, '2019-04-07 06:12:50', '2019-04-07 06:12:50'),
(1066, '2019-04-07', 1, 7, 4, 2019, NULL, 2, 'snackl', 36, '2019-04-07 06:48:14', '2019-04-07 06:48:14'),
(1067, '2019-04-07', 1, 7, 4, 2019, NULL, 1, 'fare', 7, '2019-04-07 22:57:59', '2019-04-07 22:57:59'),
(1068, '2019-04-08', 1, 8, 4, 2019, NULL, 1, 'fare', 14, '2019-04-08 01:27:57', '2019-04-08 01:27:57'),
(1069, '2019-04-08', 1, 8, 4, 2019, NULL, 3, 'gym', 100, '2019-04-08 01:28:04', '2019-04-08 01:28:04'),
(1070, '2019-04-08', 1, 8, 4, 2019, NULL, 2, 'lunch', 145, '2019-04-08 05:00:23', '2019-04-08 05:00:23'),
(1071, '2019-04-08', 1, 8, 4, 2019, NULL, 1, 'fare', 143, '2019-04-08 22:41:02', '2019-04-08 22:41:02'),
(1072, '2019-04-08', 1, 8, 4, 2019, NULL, 2, 'dinner', 200, '2019-04-08 22:41:26', '2019-04-08 22:41:26'),
(1073, '2019-04-08', 1, 8, 4, 2019, NULL, 3, 'medicine', 100, '2019-04-08 22:41:40', '2019-04-08 22:41:40'),
(1074, '2019-04-08', 1, 8, 4, 2019, NULL, 1, 'fare', 43, '2019-04-08 22:41:54', '2019-04-08 22:41:54'),
(1075, '2019-04-09', 1, 9, 4, 2019, NULL, 2, 'tea', 100, '2019-04-09 04:49:30', '2019-04-09 04:49:30'),
(1076, '2019-04-09', 1, 9, 4, 2019, NULL, 2, 'lunch', 70, '2019-04-09 05:55:41', '2019-04-09 05:55:41'),
(1077, '2019-04-08', 1, 8, 4, 2019, NULL, 3, 'load', 50, '2019-04-09 06:25:21', '2019-04-09 06:25:21'),
(1078, '2019-04-09', 1, 9, 4, 2019, NULL, 1, 'fare', 14, '2019-04-09 23:29:48', '2019-04-09 23:29:48'),
(1079, '2019-04-09', 1, 9, 4, 2019, NULL, 2, 'bayabas', 25, '2019-04-09 23:29:56', '2019-04-09 23:29:56'),
(1080, '2019-04-09', 1, 9, 4, 2019, NULL, 1, 'fare', 54, '2019-04-09 23:30:16', '2019-04-09 23:30:16'),
(1081, '2019-04-09', 1, 9, 4, 2019, NULL, 1, 'habal2', 50, '2019-04-09 23:30:24', '2019-04-09 23:30:24'),
(1082, '2019-04-10', 1, 10, 4, 2019, NULL, 1, 'fare', 15, '2019-04-09 23:30:30', '2019-04-09 23:30:30'),
(1083, '2019-04-10', 1, 10, 4, 2019, NULL, 1, 'fare', 21, '2019-04-10 03:43:38', '2019-04-10 03:43:38'),
(1084, '2019-04-10', 1, 10, 4, 2019, NULL, 1, 'fare boy', 42, '2019-04-10 03:43:48', '2019-04-10 03:43:55'),
(1085, '2019-04-10', 1, 10, 4, 2019, NULL, 2, 'coffee', 58, '2019-04-10 03:44:04', '2019-04-10 03:44:04'),
(1086, '2019-04-10', 1, 10, 4, 2019, NULL, 2, 'lunch', 75, '2019-04-10 04:32:37', '2019-04-10 04:32:37'),
(1087, '2019-04-10', 1, 10, 4, 2019, NULL, 3, 'snack', 183, '2019-04-10 08:26:56', '2019-04-10 08:26:56'),
(1088, '2019-04-10', 1, 10, 4, 2019, NULL, 2, 'dinner', 85, '2019-04-10 12:56:57', '2019-04-10 12:56:57'),
(1089, '2019-04-10', 1, 10, 4, 2019, NULL, 3, 'hand wrap', 400, '2019-04-10 12:57:08', '2019-04-10 12:57:08'),
(1090, '2019-04-10', 1, 10, 4, 2019, NULL, 1, 'fare', 54, '2019-04-10 12:57:24', '2019-04-10 12:57:24'),
(1091, '2019-04-10', 1, 10, 4, 2019, NULL, 1, 'taxi', 170, '2019-04-10 12:57:31', '2019-04-10 12:57:31'),
(1092, '2019-04-11', 1, 11, 4, 2019, NULL, 1, 'taxi', 200, '2019-04-11 02:30:12', '2019-04-11 02:30:12'),
(1093, '2019-04-11', 1, 11, 4, 2019, NULL, 2, 'lunch', 55, '2019-04-11 08:06:52', '2019-04-11 08:06:52'),
(1094, '2019-04-11', 1, 11, 4, 2019, NULL, 1, 'fare', 7, '2019-04-11 23:05:17', '2019-04-11 23:05:17'),
(1095, '2019-04-11', 1, 11, 4, 2019, NULL, 2, 'dinner', 192, '2019-04-11 23:05:48', '2019-04-11 23:05:48'),
(1096, '2019-04-11', 1, 11, 4, 2019, NULL, 1, 'fare', 15, '2019-04-11 23:08:37', '2019-04-11 23:08:37'),
(1097, '2019-04-12', 1, 12, 4, 2019, NULL, 1, 'fare', 14, '2019-04-11 23:08:42', '2019-04-11 23:08:42'),
(1098, '2019-04-12', 1, 12, 4, 2019, NULL, 1, 'fare', 41, '2019-04-12 02:41:33', '2019-04-12 02:41:33'),
(1099, '2019-04-12', 1, 12, 4, 2019, NULL, 3, 'gym', 50, '2019-04-12 02:42:24', '2019-04-12 02:42:24'),
(1100, '2019-04-12', 1, 12, 4, 2019, NULL, 2, 'lunch', 218, '2019-04-12 05:10:24', '2019-04-12 05:10:24'),
(1101, '2019-04-12', 1, 12, 4, 2019, NULL, 2, 'snack', 70, '2019-04-12 09:53:31', '2019-04-12 09:53:31'),
(1102, '2019-04-12', 1, 12, 4, 2019, NULL, 1, 'fare', 127, '2019-04-13 00:12:36', '2019-04-13 00:12:36'),
(1103, '2019-04-13', 1, 13, 4, 2019, NULL, 2, 'coffee', 50, '2019-04-13 00:12:46', '2019-04-13 00:12:46'),
(1104, '2019-04-13', 1, 13, 4, 2019, NULL, 1, 'fare', 42, '2019-04-13 00:13:11', '2019-04-13 00:13:11'),
(1105, '2019-04-13', 1, 13, 4, 2019, NULL, 1, 'fare', 7, '2019-04-13 05:20:15', '2019-04-13 05:20:15'),
(1106, '2019-04-13', 1, 13, 4, 2019, NULL, 2, 'tea', 100, '2019-04-13 05:20:22', '2019-04-13 05:20:22'),
(1107, '2019-04-13', 1, 13, 4, 2019, NULL, 1, 'fare', 14, '2019-04-13 05:20:34', '2019-04-13 05:20:34'),
(1108, '2019-04-13', 1, 13, 4, 2019, NULL, 2, 'lunch', 128, '2019-04-13 05:20:42', '2019-04-13 05:20:42'),
(1109, '2019-04-13', 1, 13, 4, 2019, NULL, 1, 'fare', 21, '2019-04-13 05:20:50', '2019-04-13 05:20:50'),
(1110, '2019-04-13', 1, 13, 4, 2019, NULL, 1, 'fare', 7, '2019-04-14 10:37:22', '2019-04-14 10:37:22'),
(1111, '2019-04-13', 1, 13, 4, 2019, NULL, 1, 'fare', 28, '2019-04-14 10:37:35', '2019-04-14 10:37:35'),
(1112, '2019-04-13', 1, 13, 4, 2019, NULL, 1, 'taxi', 75, '2019-04-14 10:37:42', '2019-04-14 10:37:42'),
(1113, '2019-04-13', 1, 13, 4, 2019, NULL, 1, 'taxi', 200, '2019-04-14 10:37:48', '2019-04-14 10:37:48'),
(1114, '2019-04-14', 1, 14, 4, 2019, NULL, 2, 'breakfast', 434, '2019-04-14 10:40:39', '2019-04-14 10:40:39'),
(1115, '2019-04-14', 1, 14, 4, 2019, NULL, 1, 'taxi', 80, '2019-04-14 10:41:00', '2019-04-14 10:41:00'),
(1116, '2019-04-14', 1, 14, 4, 2019, NULL, 1, 'taxi', 180, '2019-04-14 10:41:13', '2019-04-14 10:41:13'),
(1117, '2019-04-14', 1, 14, 4, 2019, NULL, 1, 'fare', 12, '2019-04-14 10:41:20', '2019-04-14 10:41:20'),
(1118, '2019-04-14', 1, 14, 4, 2019, NULL, 1, 'taxi', 300, '2019-04-14 10:41:28', '2019-04-14 10:41:28'),
(1119, '2019-04-14', 1, 14, 4, 2019, NULL, 2, 'dinner', 400, '2019-04-14 23:41:48', '2019-04-14 23:41:48'),
(1120, '2019-04-14', 1, 14, 4, 2019, NULL, 1, 'fare', 47, '2019-04-14 23:41:56', '2019-04-14 23:41:56'),
(1121, '2019-04-14', 1, 14, 4, 2019, NULL, 1, 'taxi', 120, '2019-04-14 23:42:05', '2019-04-14 23:42:05'),
(1122, '2019-04-15', 1, 15, 4, 2019, NULL, 2, 'breakfast', 95, '2019-04-14 23:42:21', '2019-04-14 23:42:21'),
(1123, '2019-04-15', 1, 15, 4, 2019, NULL, 1, 'fare', 30, '2019-04-14 23:52:48', '2019-04-14 23:52:48'),
(1124, '2019-04-15', 1, 15, 4, 2019, NULL, 2, 'coffee', 40, '2019-04-15 01:41:45', '2019-04-15 01:41:45'),
(1125, '2019-04-15', 1, 15, 4, 2019, NULL, 1, 'fare', 44, '2019-04-15 05:15:27', '2019-04-15 05:15:27'),
(1126, '2019-04-15', 1, 15, 4, 2019, NULL, 2, 'lunch', 128, '2019-04-15 05:15:34', '2019-04-15 05:15:34'),
(1127, '2019-04-15', 1, 15, 4, 2019, NULL, 3, 'misc shoppee', 366, '2019-04-15 05:25:29', '2019-04-15 05:25:29'),
(1128, '2019-04-13', 1, 13, 4, 2019, NULL, 3, 'shiely borrowed', 500, '2019-04-15 05:25:47', '2019-04-15 05:25:47'),
(1129, '2019-04-15', 1, 15, 4, 2019, NULL, 1, 'fare', 42, '2019-04-15 23:46:09', '2019-04-15 23:46:09'),
(1130, '2019-04-15', 1, 15, 4, 2019, NULL, 2, 'dinner', 100, '2019-04-15 23:46:20', '2019-04-15 23:46:20'),
(1131, '2019-04-16', 1, 16, 4, 2019, NULL, 1, 'fare', 7, '2019-04-16 02:09:32', '2019-04-16 02:09:32'),
(1132, '2019-04-16', 1, 16, 4, 2019, NULL, 3, 'misc shoppe', 364, '2019-04-16 02:09:45', '2019-04-16 02:09:45'),
(1133, '2019-04-16', 1, 16, 4, 2019, NULL, 3, 'grocery', 269, '2019-04-16 02:09:54', '2019-04-16 02:09:54'),
(1134, '2019-04-15', 1, 15, 4, 2019, NULL, 3, 'load', 700, '2019-04-16 03:21:23', '2019-04-16 03:21:23'),
(1135, '2019-04-16', 1, 16, 4, 2019, NULL, 3, 'misc shoppe', 435, '2019-04-16 04:37:22', '2019-04-16 04:37:22'),
(1136, '2019-04-16', 1, 16, 4, 2019, NULL, 1, 'fare', 14, '2019-04-16 23:15:42', '2019-04-16 23:15:42'),
(1137, '2019-04-16', 1, 16, 4, 2019, NULL, 2, 'dinner', 210, '2019-04-16 23:16:37', '2019-04-16 23:16:37'),
(1138, '2019-04-16', 1, 16, 4, 2019, NULL, 3, 'tambal', 220, '2019-04-16 23:17:04', '2019-04-16 23:17:04'),
(1139, '2019-04-16', 1, 16, 4, 2019, NULL, 1, 'fare', 44, '2019-04-16 23:17:23', '2019-04-16 23:17:23'),
(1140, '2019-04-16', 1, 16, 4, 2019, NULL, 2, 'buko and pan', 50, '2019-04-16 23:17:35', '2019-04-16 23:17:35'),
(1141, '2019-04-16', 1, 16, 4, 2019, NULL, 1, 'taxi', 165, '2019-04-16 23:17:51', '2019-04-16 23:17:51'),
(1142, '2019-04-17', 1, 17, 4, 2019, NULL, 2, 'lunch', 70, '2019-04-17 05:29:11', '2019-04-17 05:29:11'),
(1143, '2019-04-17', 1, 17, 4, 2019, NULL, 1, 'fare', 25, '2019-04-17 15:03:31', '2019-04-17 15:03:31'),
(1144, '2019-04-17', 1, 17, 4, 2019, NULL, 3, 'misc', 1520, '2019-04-17 15:03:40', '2019-04-17 15:03:40'),
(1145, '2019-04-17', 1, 17, 4, 2019, NULL, 1, 'taxi', 130, '2019-04-17 15:03:54', '2019-04-17 15:03:54'),
(1146, '2019-04-17', 1, 17, 4, 2019, NULL, 2, 'water', 50, '2019-04-17 15:04:02', '2019-04-17 15:04:02'),
(1147, '2019-04-18', 1, 18, 4, 2019, NULL, 2, 'breakfast', 430, '2019-04-18 07:31:24', '2019-04-18 07:31:24'),
(1148, '2019-04-18', 1, 18, 4, 2019, NULL, 2, 'lunch', 200, '2019-04-18 07:31:31', '2019-04-18 07:31:31'),
(1149, '2019-04-18', 1, 18, 4, 2019, NULL, 1, 'fare', 14, '2019-04-18 07:31:39', '2019-04-18 07:31:39'),
(1150, '2019-04-18', 1, 18, 4, 2019, NULL, 1, 'taxi', 300, '2019-04-18 07:31:47', '2019-04-18 07:31:47'),
(1151, '2019-04-20', 1, 20, 4, 2019, NULL, 3, 'bike', 90, '2019-04-21 23:00:25', '2019-04-21 23:00:25'),
(1156, '2019-04-21', 1, 21, 4, 2019, NULL, 1, 'fare', 28, '2019-04-21 23:07:09', '2019-04-21 23:07:09'),
(1157, '2019-04-21', 1, 21, 4, 2019, NULL, 2, 'tea', 165, '2019-04-21 23:07:23', '2019-04-21 23:07:23'),
(1158, '2019-04-21', 1, 21, 4, 2019, NULL, 2, 'dinner', 342, '2019-04-21 23:07:33', '2019-04-21 23:07:33'),
(1159, '2019-04-21', 1, 21, 4, 2019, NULL, 1, 'taxi', 105, '2019-04-21 23:07:42', '2019-04-21 23:07:42'),
(1160, '2019-04-22', 1, 22, 4, 2019, NULL, 1, 'fare', 41, '2019-04-22 07:38:05', '2019-04-22 07:38:05'),
(1161, '2019-04-22', 1, 22, 4, 2019, NULL, 2, 'lunch', 190, '2019-04-22 07:38:31', '2019-04-22 07:38:31'),
(1162, '2019-04-22', 1, 22, 4, 2019, NULL, 2, 'coffee', 185, '2019-04-22 07:39:27', '2019-04-22 07:39:27'),
(1163, '2019-04-22', 1, 22, 4, 2019, NULL, 2, 'dinner', 345, '2019-04-22 12:44:46', '2019-04-22 12:44:46'),
(1164, '2019-04-22', 1, 22, 4, 2019, NULL, 3, 'load', 50, '2019-04-22 12:44:54', '2019-04-22 12:44:54'),
(1165, '2019-04-22', 1, 22, 4, 2019, NULL, 1, 'fare', 7, '2019-04-22 12:45:05', '2019-04-22 12:45:05'),
(1166, '2019-04-23', 1, 23, 4, 2019, NULL, 2, 'lunch', 70, '2019-04-23 05:04:21', '2019-04-23 05:04:21'),
(1167, '2019-04-22', 1, 22, 4, 2019, NULL, 3, 'noelou borrowed', 100, '2019-04-23 05:04:31', '2019-04-23 05:04:31'),
(1168, '2019-04-23', 1, 23, 4, 2019, NULL, 1, 'fare', 14, '2019-04-23 12:27:56', '2019-04-23 12:27:56'),
(1169, '2019-04-23', 1, 23, 4, 2019, NULL, 2, 'dinner', 120, '2019-04-23 12:30:09', '2019-04-23 12:30:09'),
(1170, '2019-04-23', 1, 23, 4, 2019, NULL, 1, 'fare', 14, '2019-04-23 12:30:23', '2019-04-23 12:30:23'),
(1171, '2019-04-23', 1, 23, 4, 2019, NULL, 3, 'grocery', 200, '2019-04-24 03:09:21', '2019-04-24 03:09:21'),
(1172, '2019-04-24', 1, 24, 4, 2019, NULL, 1, 'taxi', 180, '2019-04-24 03:09:33', '2019-04-24 03:09:33'),
(1173, '2019-04-24', 1, 24, 4, 2019, NULL, 1, 'fare', 51, '2019-04-24 03:09:53', '2019-04-24 03:09:53'),
(1174, '2019-04-24', 1, 24, 4, 2019, NULL, 3, 'gym', 200, '2019-04-24 03:10:06', '2019-04-24 03:10:06'),
(1175, '2019-04-24', 1, 24, 4, 2019, NULL, 1, 'fare', 28, '2019-04-24 03:11:38', '2019-04-24 03:11:38'),
(1176, '2019-04-25', 1, 25, 4, 2019, NULL, 1, 'taxi', 176, '2019-04-25 06:15:35', '2019-04-25 06:15:35'),
(1177, '2019-04-25', 1, 25, 4, 2019, NULL, 2, 'lunch', 45, '2019-04-25 06:15:59', '2019-04-25 06:15:59'),
(1178, '2019-04-25', 1, 25, 4, 2019, NULL, 1, 'fare', 7, '2019-04-25 06:16:31', '2019-04-25 06:16:31'),
(1179, '2019-04-25', 1, 25, 4, 2019, NULL, 2, 'pineapple in can', 34, '2019-04-25 06:17:00', '2019-04-25 06:17:00'),
(1180, '2019-04-24', 1, 24, 4, 2019, NULL, 1, 'fare', 14, '2019-04-25 06:17:20', '2019-04-25 06:17:20'),
(1181, '2019-04-24', 1, 24, 4, 2019, NULL, 3, 'movie', 250, '2019-04-25 06:17:28', '2019-04-25 06:17:28'),
(1182, '2019-04-24', 1, 24, 4, 2019, NULL, 2, 'choco', 100, '2019-04-25 06:44:20', '2019-04-25 06:44:20'),
(1183, '2019-04-24', 1, 24, 4, 2019, NULL, 2, 'dinner', 195, '2019-04-25 06:44:31', '2019-04-25 06:44:31'),
(1184, '2019-04-24', 1, 24, 4, 2019, NULL, 1, 'fare', 14, '2019-04-25 06:44:38', '2019-04-25 06:44:38'),
(1185, '2019-04-24', 1, 24, 4, 2019, NULL, 1, 'taxi', 190, '2019-04-25 06:44:49', '2019-04-25 06:44:49'),
(1186, '2019-04-25', 1, 25, 4, 2019, NULL, 2, 'grocery', 94, '2019-04-25 09:48:54', '2019-04-25 09:48:54'),
(1187, '2019-04-25', 1, 25, 4, 2019, NULL, 2, 'dinner', 199, '2019-04-25 12:23:11', '2019-04-25 12:23:11'),
(1188, '2019-04-25', 1, 25, 4, 2019, NULL, 1, 'fare/taxi', 250, '2019-04-25 12:28:37', '2019-04-25 12:28:37'),
(1189, '2019-04-26', 1, 26, 4, 2019, NULL, 2, 'lunch', 50, '2019-04-26 06:45:05', '2019-04-26 06:45:05'),
(1190, '2019-04-26', 1, 26, 4, 2019, NULL, 1, 'fare', 18, '2019-04-26 06:45:11', '2019-04-26 06:45:11'),
(1191, '2019-04-26', 1, 26, 4, 2019, NULL, 1, 'fare', 54, '2019-04-26 12:52:46', '2019-04-26 12:52:46'),
(1192, '2019-04-27', 1, 27, 4, 2019, NULL, 1, 'fare', 47, '2019-04-27 05:18:51', '2019-04-27 05:18:51'),
(1193, '2019-04-27', 1, 27, 4, 2019, NULL, 2, 'lunch', 210, '2019-04-27 05:19:03', '2019-04-27 05:19:03'),
(1194, '2019-04-27', 1, 27, 4, 2019, NULL, 1, 'fare', 7, '2019-04-28 20:41:25', '2019-04-28 20:41:25'),
(1195, '2019-04-27', 1, 27, 4, 2019, NULL, 2, 'dinner', 270, '2019-04-28 20:41:37', '2019-04-28 20:41:58'),
(1196, '2019-04-27', 1, 27, 4, 2019, NULL, 1, 'taxi', 80, '2019-04-28 20:42:11', '2019-04-28 20:42:11'),
(1197, '2019-04-27', 1, 27, 4, 2019, NULL, 1, 'taxi', 230, '2019-04-28 20:42:27', '2019-04-28 20:42:27'),
(1198, '2019-04-28', 1, 28, 4, 2019, NULL, 2, 'breakfast', 300, '2019-04-28 20:42:54', '2019-04-28 20:42:54'),
(1199, '2019-04-28', 1, 28, 4, 2019, NULL, 3, 'gym', 200, '2019-04-28 20:43:20', '2019-04-28 20:43:20'),
(1200, '2019-04-28', 1, 28, 4, 2019, NULL, 1, 'fare', 19, '2019-04-28 20:43:39', '2019-04-28 20:43:39'),
(1201, '2019-04-28', 1, 28, 4, 2019, NULL, 2, 'lunch', 190, '2019-04-28 20:44:06', '2019-04-28 20:44:06'),
(1202, '2019-04-28', 1, 28, 4, 2019, NULL, 1, 'fare', 28, '2019-04-28 20:44:21', '2019-04-28 20:44:21'),
(1203, '2019-04-28', 1, 28, 4, 2019, NULL, 1, 'fare', 14, '2019-04-28 20:44:30', '2019-04-28 20:44:30'),
(1204, '2019-04-28', 1, 28, 4, 2019, NULL, 1, 'taxi', 97, '2019-04-28 20:44:54', '2019-04-28 20:44:54'),
(1205, '2019-04-29', 1, 29, 4, 2019, NULL, 1, 'taxi', 220, '2019-04-29 07:32:46', '2019-04-29 07:32:46'),
(1206, '2019-04-29', 1, 29, 4, 2019, NULL, 3, 'laptop check up', 400, '2019-04-29 07:33:10', '2019-04-29 07:33:10'),
(1207, '2019-04-29', 1, 29, 4, 2019, NULL, 2, 'lunch', 76, '2019-04-29 07:33:29', '2019-04-29 07:33:29'),
(1208, '2019-04-28', 1, 28, 4, 2019, NULL, 2, 'dinner', 1000, '2019-04-29 07:34:37', '2019-04-29 07:34:37'),
(1209, '2019-04-29', 1, 29, 4, 2019, NULL, 1, 'fare', 14, '2019-04-29 23:01:04', '2019-04-29 23:01:04'),
(1210, '2019-04-29', 1, 29, 4, 2019, NULL, 2, 'dinner', 250, '2019-04-29 23:01:13', '2019-04-29 23:01:13'),
(1211, '2019-04-29', 1, 29, 4, 2019, NULL, 1, 'fare', 50, '2019-04-29 23:01:32', '2019-04-29 23:01:32'),
(1212, '2019-04-29', 1, 29, 4, 2019, NULL, 3, 'load', 100, '2019-04-29 23:01:50', '2019-04-29 23:01:50'),
(1213, '2019-04-30', 1, 30, 4, 2019, NULL, 1, 'fare', 7, '2019-04-29 23:02:00', '2019-04-29 23:02:00'),
(1214, '2019-04-30', 1, 30, 4, 2019, NULL, 2, 'lunch', 70, '2019-04-30 06:05:25', '2019-04-30 06:05:25'),
(1215, '2019-04-30', 1, 30, 4, 2019, NULL, 3, 'grocery', 88, '2019-04-30 13:15:34', '2019-04-30 13:15:34'),
(1216, '2019-04-30', 1, 30, 4, 2019, NULL, 1, 'fare', 14, '2019-04-30 13:15:46', '2019-04-30 13:15:46'),
(1217, '2019-04-30', 1, 30, 4, 2019, NULL, 2, 'dinner', 283, '2019-04-30 13:16:09', '2019-04-30 13:16:09'),
(1218, '2019-04-30', 1, 30, 4, 2019, NULL, 3, 'misc', 1520, '2019-04-30 13:17:39', '2019-04-30 13:17:39'),
(1219, '2019-05-01', 1, 1, 5, 2019, NULL, 3, 'breakfast', 430, '2019-05-01 04:52:28', '2019-05-01 04:52:28'),
(1220, '2019-05-01', 1, 1, 5, 2019, NULL, 1, 'fare', 14, '2019-05-01 04:53:19', '2019-05-01 04:53:19'),
(1221, '2019-05-01', 1, 1, 5, 2019, NULL, 2, 'tea', 170, '2019-05-01 04:55:47', '2019-05-01 04:55:47'),
(1222, '2019-05-01', 1, 1, 5, 2019, NULL, 3, 'april excess', 7040, '2019-05-01 05:12:22', '2019-05-02 13:33:05'),
(1223, '2019-05-01', 1, 1, 5, 2019, NULL, 1, 'fare', 14, '2019-05-01 12:58:21', '2019-05-01 12:58:21'),
(1224, '2019-05-01', 1, 1, 5, 2019, NULL, 1, 'fare', 30, '2019-05-01 12:58:31', '2019-05-01 12:58:31'),
(1225, '2019-05-01', 1, 1, 5, 2019, NULL, 1, 'fare', 28, '2019-05-01 12:58:41', '2019-05-01 12:58:41'),
(1226, '2019-05-01', 1, 1, 5, 2019, NULL, 3, 'bag, laptop sleeve, polo', 2300, '2019-05-01 13:00:04', '2019-05-01 13:00:04'),
(1227, '2019-05-01', 1, 1, 5, 2019, NULL, 2, 'dinner fam', 3289, '2019-05-01 13:00:23', '2019-05-01 13:00:23'),
(1228, '2019-05-02', 1, 2, 5, 2019, NULL, 2, 'snack', 217, '2019-05-02 00:38:34', '2019-05-02 00:38:34'),
(1229, '2019-05-02', 1, 2, 5, 2019, NULL, 3, 'watch', 500, '2019-05-02 05:44:07', '2019-05-02 05:44:07'),
(1230, '2019-05-02', 1, 2, 5, 2019, NULL, 1, 'fare', 26, '2019-05-02 05:44:21', '2019-05-02 05:44:21'),
(1231, '2019-05-02', 1, 2, 5, 2019, NULL, 2, 'lunch', 273, '2019-05-02 05:45:20', '2019-05-02 05:45:20'),
(1232, '2019-05-02', 1, 2, 5, 2019, NULL, 3, 'laptop', 600, '2019-05-02 07:59:09', '2019-05-02 07:59:09'),
(1233, '2019-05-02', 1, 2, 5, 2019, NULL, 1, 'fare', 54, '2019-05-02 11:07:14', '2019-05-02 11:07:14'),
(1234, '2019-04-22', 1, 22, 4, 2019, NULL, 3, 'gym', 1000, '2019-05-02 13:32:46', '2019-05-02 13:32:46'),
(1235, '2019-05-01', 1, 1, 5, 2019, NULL, 3, 'service charge', 380, '2019-05-02 13:33:28', '2019-05-02 13:33:28'),
(1236, '2019-05-03', 1, 3, 5, 2019, NULL, 1, 'taxi', 165, '2019-05-03 03:52:00', '2019-05-03 03:52:00'),
(1237, '2019-05-03', 1, 3, 5, 2019, NULL, 2, 'tea', 100, '2019-05-03 03:52:06', '2019-05-03 03:52:06'),
(1238, '2019-05-03', 1, 3, 5, 2019, NULL, 1, 'fare', 7, '2019-05-03 03:52:13', '2019-05-03 03:52:13'),
(1239, '2019-05-03', 1, 3, 5, 2019, NULL, 2, 'lunch', 84, '2019-05-03 09:46:07', '2019-05-03 09:46:07'),
(1240, '2019-05-03', 1, 3, 5, 2019, NULL, 2, 'dinner', 500, '2019-05-03 14:30:24', '2019-05-03 14:30:24'),
(1241, '2019-05-03', 1, 3, 5, 2019, NULL, 1, 'taxi', 185, '2019-05-03 14:30:32', '2019-05-03 14:30:32'),
(1242, '2019-05-04', 1, 4, 5, 2019, NULL, 1, 'taxi', 100, '2019-05-03 23:14:51', '2019-05-03 23:14:51'),
(1244, '2019-05-04', 1, 4, 5, 2019, NULL, 3, 'mj sine', 200, '2019-05-03 23:15:43', '2019-05-03 23:15:43'),
(1245, '2019-05-04', 1, 4, 5, 2019, NULL, 1, 'fare', 7, '2019-05-03 23:15:50', '2019-05-03 23:15:50'),
(1246, '2019-05-04', 1, 4, 5, 2019, NULL, 1, 'fare', 7, '2019-05-04 11:30:48', '2019-05-04 11:30:48'),
(1247, '2019-05-04', 1, 4, 5, 2019, NULL, 2, 'breakfast', 89, '2019-05-04 11:30:58', '2019-05-04 11:30:58'),
(1248, '2019-05-04', 1, 4, 5, 2019, NULL, 2, 'coffee and donut', 170, '2019-05-04 11:31:21', '2019-05-04 11:31:21'),
(1249, '2019-05-04', 1, 4, 5, 2019, NULL, 1, 'fare', 14, '2019-05-04 11:31:49', '2019-05-04 11:31:49'),
(1250, '2019-05-04', 1, 4, 5, 2019, NULL, 1, 'fare', 21, '2019-05-04 11:31:56', '2019-05-04 11:31:56'),
(1251, '2019-05-04', 1, 4, 5, 2019, NULL, 1, 'fare', 14, '2019-05-04 11:32:03', '2019-05-04 11:32:03'),
(1252, '2019-05-04', 1, 4, 5, 2019, NULL, 3, 'bowling', 320, '2019-05-04 13:55:27', '2019-05-04 13:55:27'),
(1253, '2019-05-04', 1, 4, 5, 2019, NULL, 3, 'quantum', 200, '2019-05-04 13:56:17', '2019-05-04 13:56:17'),
(1254, '2019-05-04', 1, 4, 5, 2019, NULL, 3, 'playground earphone', 1700, '2019-05-04 13:56:37', '2019-05-04 13:56:37'),
(1255, '2019-05-04', 1, 4, 5, 2019, NULL, 3, 'monopoly game', 300, '2019-05-04 13:56:54', '2019-05-04 13:56:54'),
(1256, '2019-05-05', 1, 5, 5, 2019, NULL, 2, 'coffee', 35, '2019-05-05 07:39:42', '2019-05-05 07:39:42'),
(1257, '2019-05-05', 1, 5, 5, 2019, NULL, 1, 'fare', 14, '2019-05-05 07:40:04', '2019-05-05 07:40:04'),
(1258, '2019-05-05', 1, 5, 5, 2019, NULL, 2, 'water', 25, '2019-05-05 08:30:55', '2019-05-05 08:30:55'),
(1259, '2019-05-05', 1, 5, 5, 2019, NULL, 3, 'misc', 1520, '2019-05-05 08:52:38', '2019-05-05 08:52:38'),
(1260, '2019-05-05', 1, 5, 5, 2019, NULL, 2, 'snack', 15, '2019-05-06 04:32:30', '2019-05-06 04:32:30'),
(1261, '2019-05-05', 1, 5, 5, 2019, NULL, 1, 'fare', 14, '2019-05-06 04:32:39', '2019-05-06 04:32:39'),
(1262, '2019-05-05', 1, 5, 5, 2019, NULL, 3, 'shirts', 1000, '2019-05-06 04:33:13', '2019-05-06 04:33:13'),
(1263, '2019-05-05', 1, 5, 5, 2019, NULL, 2, 'grocery', 176, '2019-05-06 04:33:45', '2019-05-06 04:33:45'),
(1264, '2019-05-06', 1, 6, 5, 2019, NULL, 2, 'tea', 200, '2019-05-06 04:33:59', '2019-05-06 04:33:59'),
(1265, '2019-05-06', 1, 6, 5, 2019, NULL, 1, 'fare', 7, '2019-05-06 04:34:12', '2019-05-06 04:34:12'),
(1266, '2019-05-06', 1, 6, 5, 2019, NULL, 3, 'grocery', 181, '2019-05-06 04:34:28', '2019-05-06 04:34:28'),
(1267, '2019-05-06', 1, 6, 5, 2019, NULL, 2, 'lunch', 1350, '2019-05-06 05:26:52', '2019-05-06 05:26:52'),
(1268, '2019-05-06', 1, 6, 5, 2019, NULL, 3, 'gym bag', 950, '2019-05-06 09:27:06', '2019-05-06 09:27:06'),
(1269, '2019-05-06', 1, 6, 5, 2019, NULL, 1, 'fare', 14, '2019-05-06 12:54:31', '2019-05-06 12:54:31'),
(1270, '2019-05-06', 1, 6, 5, 2019, NULL, 3, 'gatorade and tambal', 142, '2019-05-06 12:56:15', '2019-05-06 12:56:15'),
(1271, '2019-05-06', 1, 6, 5, 2019, NULL, 1, 'taxi', 170, '2019-05-06 12:56:25', '2019-05-06 12:56:25'),
(1272, '2019-05-07', 1, 7, 5, 2019, NULL, 2, 'lunch', 250, '2019-05-07 06:43:39', '2019-05-07 06:47:41'),
(1273, '2019-05-07', 1, 7, 5, 2019, NULL, 3, 'mitt pad', 300, '2019-05-07 07:29:40', '2019-05-07 07:29:40'),
(1274, '2019-05-07', 1, 7, 5, 2019, NULL, 1, 'fare', 14, '2019-05-07 14:04:26', '2019-05-07 14:04:26'),
(1275, '2019-05-07', 1, 7, 5, 2019, NULL, 3, 'cake', 428, '2019-05-07 14:05:08', '2019-05-07 14:05:08'),
(1276, '2019-05-07', 1, 7, 5, 2019, NULL, 2, 'dinner', 195, '2019-05-07 14:05:33', '2019-05-07 14:05:33'),
(1277, '2019-05-07', 1, 7, 5, 2019, NULL, 3, 'mama gift blouse', 550, '2019-05-07 23:02:51', '2019-05-07 23:02:51'),
(1278, '2019-05-08', 1, 8, 5, 2019, NULL, 1, 'fare', 14, '2019-05-08 03:29:07', '2019-05-08 03:29:07'),
(1279, '2019-05-08', 1, 8, 5, 2019, NULL, 2, 'breakfast', 250, '2019-05-08 03:29:16', '2019-05-08 03:29:16'),
(1280, '2019-05-08', 1, 8, 5, 2019, NULL, 3, 'gym', 200, '2019-05-08 03:29:25', '2019-05-08 03:29:25'),
(1281, '2019-05-08', 1, 8, 5, 2019, NULL, 1, 'fare', 14, '2019-05-08 03:29:33', '2019-05-08 03:29:33'),
(1282, '2019-05-08', 1, 8, 5, 2019, NULL, 2, 'coffee', 63, '2019-05-08 03:29:49', '2019-05-08 03:29:49'),
(1283, '2019-05-08', 1, 8, 5, 2019, NULL, 1, 'fare', 28, '2019-05-08 05:27:53', '2019-05-08 05:27:53'),
(1284, '2019-05-08', 1, 8, 5, 2019, NULL, 2, 'lunch', 200, '2019-05-08 05:28:02', '2019-05-08 05:28:02'),
(1285, '2019-05-08', 1, 8, 5, 2019, NULL, 1, 'fare', 14, '2019-05-08 12:45:54', '2019-05-08 12:45:54'),
(1286, '2019-05-08', 1, 8, 5, 2019, NULL, 3, 'load', 50, '2019-05-08 12:46:02', '2019-05-08 12:46:02'),
(1287, '2019-05-08', 1, 8, 5, 2019, NULL, 2, 'dinner', 600, '2019-05-08 12:46:17', '2019-05-08 12:46:17'),
(1288, '2019-05-08', 1, 8, 5, 2019, NULL, 1, 'taxi', 170, '2019-05-08 12:46:31', '2019-05-08 12:46:31'),
(1289, '2019-05-09', 1, 9, 5, 2019, NULL, 2, 'lunch', 137, '2019-05-09 04:58:19', '2019-05-09 04:58:19'),
(1290, '2019-05-09', 1, 9, 5, 2019, NULL, 1, 'fare', 15, '2019-05-09 13:09:48', '2019-05-09 13:09:48'),
(1291, '2019-05-09', 1, 9, 5, 2019, NULL, 2, 'dinner', 65, '2019-05-09 13:09:59', '2019-05-09 13:09:59'),
(1292, '2019-05-09', 1, 9, 5, 2019, NULL, 1, 'taxi', 200, '2019-05-09 13:10:10', '2019-05-09 13:10:10'),
(1293, '2019-05-10', 1, 10, 5, 2019, NULL, 1, 'fare', 48, '2019-05-10 02:06:31', '2019-05-10 02:39:43'),
(1294, '2019-05-10', 1, 10, 5, 2019, NULL, 3, 'gym', 200, '2019-05-10 02:06:45', '2019-05-10 02:06:45'),
(1295, '2019-05-10', 1, 10, 5, 2019, NULL, 2, 'snack', 120, '2019-05-10 04:10:07', '2019-05-10 04:10:07'),
(1296, '2019-05-10', 1, 10, 5, 2019, NULL, 2, 'lunch', 130, '2019-05-10 14:03:54', '2019-05-10 14:03:54'),
(1297, '2019-05-10', 1, 10, 5, 2019, NULL, 1, 'fare', 14, '2019-05-10 14:04:12', '2019-05-10 14:04:12'),
(1298, '2019-05-10', 1, 10, 5, 2019, NULL, 3, 'shiely borrowed', 180, '2019-05-10 14:04:24', '2019-05-10 14:04:24'),
(1299, '2019-05-10', 1, 10, 5, 2019, NULL, 3, 'lan wire', 100, '2019-05-10 14:04:43', '2019-05-10 14:04:43'),
(1300, '2019-05-10', 1, 10, 5, 2019, NULL, 3, 'headset', 1500, '2019-05-10 14:05:03', '2019-05-10 14:05:03'),
(1301, '2019-05-10', 1, 10, 5, 2019, NULL, 1, 'fare', 24, '2019-05-10 14:05:16', '2019-05-10 14:05:16'),
(1302, '2019-05-10', 1, 10, 5, 2019, NULL, 2, 'dinner', 215, '2019-05-10 14:05:49', '2019-05-10 14:05:49'),
(1303, '2019-05-10', 1, 10, 5, 2019, NULL, 1, 'fare', 44, '2019-05-10 14:05:58', '2019-05-10 14:05:58'),
(1304, '2019-05-11', 1, 11, 5, 2019, NULL, 3, 'cottage', 300, '2019-05-11 05:04:08', '2019-05-11 05:04:08'),
(1305, '2019-05-11', 1, 11, 5, 2019, NULL, 1, 'fare', 22, '2019-05-11 05:04:20', '2019-05-11 05:04:20'),
(1306, '2019-05-11', 1, 11, 5, 2019, NULL, 2, 'lunch', 140, '2019-05-11 05:04:28', '2019-05-11 05:04:28'),
(1307, '2019-05-11', 1, 11, 5, 2019, NULL, 1, 'fare', 15, '2019-05-12 02:56:40', '2019-05-12 02:56:40'),
(1308, '2019-05-11', 1, 11, 5, 2019, NULL, 2, 'snack', 60, '2019-05-12 02:56:49', '2019-05-12 02:56:49'),
(1309, '2019-05-11', 1, 11, 5, 2019, NULL, 1, 'fare', 60, '2019-05-12 02:56:58', '2019-05-12 02:56:58'),
(1310, '2019-05-11', 1, 11, 5, 2019, NULL, 2, 'dinner', 150, '2019-05-12 02:57:05', '2019-05-12 02:57:05'),
(1311, '2019-05-11', 1, 11, 5, 2019, NULL, 1, 'taxi', 170, '2019-05-12 02:57:12', '2019-05-12 02:57:12'),
(1312, '2019-05-12', 1, 12, 5, 2019, NULL, 1, 'taxi', 110, '2019-05-12 02:57:24', '2019-05-12 02:57:24'),
(1313, '2019-05-12', 1, 12, 5, 2019, NULL, 2, 'lunch', 217, '2019-05-12 04:54:17', '2019-05-12 04:54:17'),
(1314, '2019-05-12', 1, 12, 5, 2019, NULL, 1, 'fare', 14, '2019-05-12 08:21:23', '2019-05-12 08:21:23'),
(1315, '2019-05-12', 1, 12, 5, 2019, NULL, 3, 'laptop and rj45', 33045, '2019-05-12 08:22:19', '2019-05-12 08:22:19'),
(1316, '2019-05-12', 1, 12, 5, 2019, NULL, 3, 'national bookstore', 342, '2019-05-12 08:26:49', '2019-05-12 08:26:49'),
(1317, '2019-05-12', 1, 12, 5, 2019, NULL, 3, 'laptop sleeve', 600, '2019-05-12 08:27:04', '2019-05-12 08:27:04'),
(1318, '2019-05-12', 1, 12, 5, 2019, NULL, 1, 'taxi', 90, '2019-05-12 08:27:11', '2019-05-12 08:27:11'),
(1319, '2019-05-12', 1, 12, 5, 2019, NULL, 3, 'lenesse gloves', 500, '2019-05-12 08:35:13', '2019-05-23 08:04:20'),
(1320, '2019-05-13', 1, 13, 5, 2019, NULL, 1, 'fare', 14, '2019-05-13 13:40:35', '2019-05-13 13:40:35'),
(1321, '2019-05-13', 1, 13, 5, 2019, NULL, 3, 'gym', 50, '2019-05-13 13:40:47', '2019-05-13 13:40:47'),
(1322, '2019-05-13', 1, 13, 5, 2019, NULL, 2, 'lunch', 250, '2019-05-13 13:40:56', '2019-05-13 13:40:56'),
(1323, '2019-05-13', 1, 13, 5, 2019, NULL, 3, 'grocery', 150, '2019-05-13 13:41:15', '2019-05-13 13:41:15'),
(1324, '2019-05-13', 1, 13, 5, 2019, NULL, 1, 'fare', 28, '2019-05-13 13:41:31', '2019-05-13 13:41:31'),
(1325, '2019-05-13', 1, 13, 5, 2019, NULL, 1, 'taxi', 160, '2019-05-13 13:41:38', '2019-05-13 13:41:38'),
(1326, '2019-05-13', 1, 13, 5, 2019, NULL, 3, 'hand wrap', 250, '2019-05-13 13:41:48', '2019-05-13 13:41:48'),
(1327, '2019-05-12', 1, 12, 5, 2019, NULL, 3, 'white cloth', 150, '2019-05-13 22:53:11', '2019-05-13 22:53:11'),
(1328, '2019-05-12', 1, 12, 5, 2019, NULL, 2, 'dinner', 150, '2019-05-13 22:53:32', '2019-05-13 22:53:32'),
(1329, '2019-05-12', 1, 12, 5, 2019, NULL, 1, 'fare', 97, '2019-05-13 22:54:18', '2019-05-13 22:54:18'),
(1330, '2019-05-14', 1, 14, 5, 2019, NULL, 1, 'taxi', 176, '2019-05-14 02:27:33', '2019-05-14 02:27:33'),
(1331, '2019-05-14', 1, 14, 5, 2019, NULL, 1, 'fare', 21, '2019-05-14 06:36:03', '2019-05-14 06:36:03'),
(1332, '2019-05-14', 1, 14, 5, 2019, NULL, 2, 'lunch', 147, '2019-05-14 06:36:14', '2019-05-14 06:36:14'),
(1333, '2019-05-14', 1, 14, 5, 2019, NULL, 2, 'snack', 50, '2019-05-14 10:42:43', '2019-05-14 10:42:43'),
(1334, '2019-05-14', 1, 14, 5, 2019, NULL, 1, 'fare', 54, '2019-05-14 23:11:50', '2019-05-14 23:11:50'),
(1335, '2019-05-15', 1, 15, 5, 2019, NULL, 1, 'fare', 28, '2019-05-15 02:46:33', '2019-05-15 02:46:33'),
(1336, '2019-05-15', 1, 15, 5, 2019, NULL, 3, 'gym', 350, '2019-05-15 02:46:43', '2019-05-15 02:46:43'),
(1337, '2019-05-15', 1, 15, 5, 2019, NULL, 2, 'coffee', 40, '2019-05-15 02:46:53', '2019-05-15 02:46:53'),
(1338, '2019-05-15', 1, 15, 5, 2019, NULL, 1, 'fare', 14, '2019-05-15 05:49:00', '2019-05-15 05:49:00'),
(1339, '2019-05-16', 1, 16, 5, 2019, NULL, 1, 'taxi', 150, '2019-05-16 03:10:19', '2019-05-16 03:10:19'),
(1340, '2019-05-16', 1, 16, 5, 2019, NULL, 3, 'double sided tape', 105, '2019-05-16 03:10:33', '2019-05-16 03:10:33'),
(1341, '2019-05-15', 1, 15, 5, 2019, NULL, 2, 'dinner', 121, '2019-05-16 03:10:46', '2019-05-16 03:10:46'),
(1342, '2019-05-15', 1, 15, 5, 2019, NULL, 1, 'fare', 300, '2019-05-16 03:10:53', '2019-05-16 03:10:53'),
(1343, '2019-05-16', 1, 16, 5, 2019, NULL, 1, 'fare', 14, '2019-05-16 10:04:11', '2019-05-16 10:04:11'),
(1344, '2019-05-16', 1, 16, 5, 2019, NULL, 3, 'tape and extension wire', 370, '2019-05-16 10:04:44', '2019-05-16 10:04:44'),
(1345, '2019-05-16', 1, 16, 5, 2019, NULL, 3, 'snack', 35, '2019-05-16 10:04:52', '2019-05-16 10:04:52'),
(1346, '2019-05-16', 1, 16, 5, 2019, NULL, 1, 'fare', 14, '2019-05-16 22:48:03', '2019-05-16 22:48:03'),
(1347, '2019-05-16', 1, 16, 5, 2019, NULL, 2, 'dinner', 104, '2019-05-16 22:48:11', '2019-05-16 22:48:11'),
(1348, '2019-05-16', 1, 16, 5, 2019, NULL, 1, 'taxi', 290, '2019-05-16 22:48:20', '2019-05-16 22:48:20'),
(1349, '2019-05-17', 1, 17, 5, 2019, NULL, 1, 'fare', 28, '2019-05-17 02:22:55', '2019-05-17 02:22:55'),
(1350, '2019-05-17', 1, 17, 5, 2019, NULL, 3, 'gym', 350, '2019-05-17 02:23:05', '2019-05-17 02:23:05'),
(1351, '2019-05-17', 1, 17, 5, 2019, NULL, 3, 'coffee', 104, '2019-05-17 05:38:54', '2019-05-17 05:38:54'),
(1352, '2019-05-17', 1, 17, 5, 2019, NULL, 2, 'lunch', 100, '2019-05-17 05:39:17', '2019-05-17 05:39:17'),
(1353, '2019-05-17', 1, 17, 5, 2019, NULL, 1, 'fare', 28, '2019-05-17 05:39:24', '2019-05-17 05:39:24'),
(1354, '2019-05-17', 1, 17, 5, 2019, NULL, 3, '3m tape', 380, '2019-05-17 05:39:33', '2019-05-17 05:39:33'),
(1355, '2019-05-17', 1, 17, 5, 2019, NULL, 1, 'fare', 28, '2019-05-17 09:15:03', '2019-05-17 09:15:03'),
(1356, '2019-05-17', 1, 17, 5, 2019, NULL, 2, 'snack', 40, '2019-05-17 09:37:17', '2019-05-17 09:37:17'),
(1357, '2019-05-17', 1, 17, 5, 2019, NULL, 3, 'globe at home', 2000, '2019-05-17 09:37:26', '2019-05-17 09:37:26'),
(1358, '2019-05-17', 1, 17, 5, 2019, NULL, 3, 'LED light', 220, '2019-05-17 09:37:37', '2019-05-17 09:37:37'),
(1359, '2019-05-17', 1, 17, 5, 2019, NULL, 3, 'mitt pads', 300, '2019-05-17 10:34:57', '2019-05-17 10:34:57'),
(1361, '2019-05-17', 1, 17, 5, 2019, NULL, 2, 'snack', 78, '2019-05-18 01:35:17', '2019-05-18 01:35:17'),
(1362, '2019-05-17', 1, 17, 5, 2019, NULL, 1, 'fare', 14, '2019-05-18 01:35:24', '2019-05-18 01:35:24'),
(1363, '2019-05-17', 1, 17, 5, 2019, NULL, 3, 'misc', 1520, '2019-05-18 01:35:40', '2019-05-18 01:35:40'),
(1364, '2019-05-17', 1, 17, 5, 2019, NULL, 2, 'dinner', 120, '2019-05-18 01:35:58', '2019-05-18 01:35:58'),
(1365, '2019-05-18', 1, 18, 5, 2019, NULL, 2, 'lunch', 170, '2019-05-18 05:18:05', '2019-05-18 05:18:05'),
(1366, '2019-05-18', 1, 18, 5, 2019, NULL, 1, 'fare', 14, '2019-05-18 05:18:17', '2019-05-18 05:18:17'),
(1367, '2019-05-18', 1, 18, 5, 2019, NULL, 2, 'snack', 107, '2019-05-18 05:18:25', '2019-05-18 05:18:25'),
(1368, '2019-05-18', 1, 18, 5, 2019, NULL, 3, 'logitech camera', 1050, '2019-05-18 23:33:01', '2019-05-18 23:33:01'),
(1369, '2019-05-18', 1, 18, 5, 2019, NULL, 1, 'fare', 71, '2019-05-18 23:33:19', '2019-05-18 23:33:19'),
(1370, '2019-05-19', 1, 19, 5, 2019, NULL, 2, 'coffee', 60, '2019-05-18 23:33:28', '2019-05-18 23:33:28'),
(1371, '2019-05-19', 1, 19, 5, 2019, NULL, 1, 'fare', 30, '2019-05-19 10:27:56', '2019-05-19 10:27:56'),
(1372, '2019-05-19', 1, 19, 5, 2019, NULL, 1, 'fare', 94, '2019-05-19 10:30:26', '2019-05-19 10:30:26'),
(1373, '2019-05-19', 1, 19, 5, 2019, NULL, 1, 'fare', 30, '2019-05-19 15:15:07', '2019-05-19 15:15:07'),
(1374, '2019-05-20', 1, 20, 5, 2019, NULL, 1, 'taxi', 192, '2019-05-20 02:30:57', '2019-05-20 02:30:57'),
(1375, '2019-05-20', 1, 20, 5, 2019, NULL, 2, 'snack', 38, '2019-05-20 04:36:05', '2019-05-20 04:36:05'),
(1376, '2019-05-20', 1, 20, 5, 2019, NULL, 2, 'lunch', 200, '2019-05-20 04:36:12', '2019-05-20 04:36:12'),
(1377, '2019-05-20', 1, 20, 5, 2019, NULL, 3, 'systane', 450, '2019-05-20 04:36:26', '2019-05-20 04:36:26'),
(1378, '2019-05-20', 1, 20, 5, 2019, NULL, 3, 'load', 800, '2019-05-20 05:33:47', '2019-05-20 05:33:47'),
(1379, '2019-05-21', 1, 21, 5, 2019, NULL, 1, 'fare', 30, '2019-05-21 02:16:18', '2019-05-21 02:16:18'),
(1380, '2019-05-21', 1, 21, 5, 2019, NULL, 3, 'tea', 100, '2019-05-21 03:50:55', '2019-05-21 03:50:55'),
(1381, '2019-05-21', 1, 21, 5, 2019, NULL, 2, 'lunch', 102, '2019-05-21 07:12:45', '2019-05-21 07:12:45'),
(1382, '2019-05-21', 1, 21, 5, 2019, NULL, 1, 'fare', 28, '2019-05-21 09:40:51', '2019-05-21 09:40:51'),
(1383, '2019-05-21', 1, 21, 5, 2019, NULL, 3, 'haircut', 115, '2019-05-21 09:41:07', '2019-05-21 09:41:07'),
(1384, '2019-05-22', 1, 22, 5, 2019, NULL, 1, 'fare', 28, '2019-05-22 03:16:04', '2019-05-22 03:16:04'),
(1385, '2019-05-22', 1, 22, 5, 2019, NULL, 3, 'gym', 200, '2019-05-22 03:16:14', '2019-05-22 03:16:14'),
(1386, '2019-05-22', 1, 22, 5, 2019, NULL, 2, 'breakfast', 138, '2019-05-22 03:29:48', '2019-05-22 03:29:48'),
(1387, '2019-05-22', 1, 22, 5, 2019, NULL, 2, 'lunch', 199, '2019-05-22 04:46:35', '2019-05-22 04:46:35'),
(1388, '2019-05-22', 1, 22, 5, 2019, NULL, 1, 'fare', 14, '2019-05-22 12:53:11', '2019-05-22 12:53:11'),
(1389, '2019-05-22', 1, 22, 5, 2019, NULL, 2, 'dinner', 210, '2019-05-22 12:53:19', '2019-05-22 12:53:19'),
(1390, '2019-05-22', 1, 22, 5, 2019, NULL, 1, 'fare', 60, '2019-05-22 12:53:27', '2019-05-22 12:53:27'),
(1391, '2019-05-23', 1, 23, 5, 2019, NULL, 3, 'gym', 80, '2019-05-23 01:01:48', '2019-05-23 01:01:48'),
(1392, '2019-05-23', 1, 23, 5, 2019, NULL, 3, 'grocery', 280, '2019-05-23 01:02:48', '2019-05-23 01:02:48'),
(1393, '2019-05-23', 1, 23, 5, 2019, NULL, 1, 'fare', 7, '2019-05-23 01:02:57', '2019-05-23 01:02:57'),
(1394, '2019-05-23', 1, 23, 5, 2019, NULL, 2, 'snack', 75, '2019-05-23 03:28:43', '2019-05-23 03:28:43'),
(1395, '2019-05-23', 1, 23, 5, 2019, NULL, 1, 'fare', 7, '2019-05-23 23:03:27', '2019-05-23 23:03:27'),
(1396, '2019-05-24', 1, 24, 5, 2019, NULL, 1, 'fare', 7, '2019-05-23 23:03:37', '2019-05-23 23:03:37'),
(1397, '2019-05-24', 1, 24, 5, 2019, NULL, 1, 'fare', 7, '2019-05-24 07:49:37', '2019-05-24 07:49:37'),
(1398, '2019-05-24', 1, 24, 5, 2019, NULL, 3, 'gym', 300, '2019-05-24 07:49:45', '2019-05-24 07:49:45'),
(1399, '2019-05-24', 1, 24, 5, 2019, NULL, 1, 'fare', 42, '2019-05-24 07:53:17', '2019-05-24 07:53:17'),
(1400, '2019-05-24', 1, 24, 5, 2019, NULL, 2, 'snack', 60, '2019-05-24 07:54:38', '2019-05-24 07:54:38'),
(1401, '2019-05-24', 1, 24, 5, 2019, NULL, 1, 'fare', 50, '2019-05-25 10:57:42', '2019-05-25 10:57:42'),
(1402, '2019-05-24', 1, 24, 5, 2019, NULL, 1, 'fare', 21, '2019-05-25 10:57:50', '2019-05-25 10:57:50'),
(1403, '2019-05-24', 1, 24, 5, 2019, NULL, 2, 'dinner and drinks', 700, '2019-05-25 10:58:26', '2019-05-25 10:58:26'),
(1404, '2019-05-25', 1, 25, 5, 2019, NULL, 1, 'fare', 100, '2019-05-25 10:58:35', '2019-05-25 10:58:35'),
(1405, '2019-05-25', 1, 25, 5, 2019, NULL, 1, 'fare', 20, '2019-05-25 11:01:44', '2019-05-25 11:01:44'),
(1406, '2019-05-25', 1, 25, 5, 2019, NULL, 2, 'lunch', 200, '2019-05-25 11:04:22', '2019-05-25 11:04:22'),
(1407, '2019-05-25', 1, 25, 5, 2019, NULL, 3, 'movie', 420, '2019-05-25 11:04:44', '2019-05-25 11:04:44'),
(1408, '2019-05-25', 1, 25, 5, 2019, NULL, 2, 'snack', 80, '2019-05-25 11:05:01', '2019-05-25 11:05:01'),
(1409, '2019-05-25', 1, 25, 5, 2019, NULL, 2, 'snack', 69, '2019-05-25 11:05:24', '2019-05-25 11:05:24'),
(1410, '2019-05-25', 1, 25, 5, 2019, NULL, 3, 'massage', 70, '2019-05-25 11:05:47', '2019-05-25 11:05:47'),
(1411, '2019-05-25', 1, 25, 5, 2019, NULL, 1, 'fare', 14, '2019-05-25 11:05:55', '2019-05-25 11:05:55'),
(1412, '2019-05-25', 1, 25, 5, 2019, NULL, 1, 'fare', 28, '2019-05-25 11:06:10', '2019-05-25 11:06:10'),
(1413, '2019-05-26', 1, 26, 5, 2019, NULL, 2, 'snack', 109, '2019-05-26 08:50:33', '2019-05-26 08:50:33'),
(1414, '2019-05-26', 1, 26, 5, 2019, NULL, 2, 'snack', 15, '2019-05-26 08:50:51', '2019-05-26 08:50:51'),
(1415, '2019-05-27', 1, 27, 5, 2019, NULL, 1, 'fare', 78, '2019-05-27 02:10:57', '2019-05-27 02:10:57'),
(1416, '2019-05-26', 1, 26, 5, 2019, NULL, 2, 'coffee', 50, '2019-05-27 02:11:16', '2019-05-27 02:11:16'),
(1418, '2019-05-27', 1, 27, 5, 2019, NULL, 2, 'lunch', 140, '2019-05-27 05:32:50', '2019-05-27 05:32:50'),
(1419, '2019-05-27', 1, 27, 5, 2019, NULL, 1, 'fare', 42, '2019-05-27 09:19:49', '2019-05-27 09:19:49'),
(1420, '2019-05-27', 1, 27, 5, 2019, NULL, 2, 'snack', 62, '2019-05-27 09:20:07', '2019-05-27 09:20:07'),
(1421, '2019-05-27', 1, 27, 5, 2019, NULL, 1, 'fare', 7, '2019-05-27 13:07:09', '2019-05-27 13:07:09'),
(1422, '2019-05-28', 1, 28, 5, 2019, NULL, 2, 'lunch', 139, '2019-05-28 05:55:00', '2019-05-28 05:55:00'),
(1423, '2019-05-28', 1, 28, 5, 2019, NULL, 1, 'fare', 35, '2019-05-28 05:55:10', '2019-05-28 05:55:10'),
(1424, '2019-05-27', 1, 27, 5, 2019, NULL, 3, 'gym', 450, '2019-05-28 06:01:43', '2019-05-28 06:01:52'),
(1425, '2019-05-29', 1, 29, 5, 2019, NULL, 1, 'fare', 52, '2019-05-28 23:03:20', '2019-05-28 23:03:20'),
(1426, '2019-05-29', 1, 29, 5, 2019, NULL, 1, 'fare', 21, '2019-05-29 02:57:40', '2019-05-29 02:57:40'),
(1427, '2019-05-29', 1, 29, 5, 2019, NULL, 3, 'gym', 450, '2019-05-29 02:57:54', '2019-05-29 02:57:54'),
(1428, '2019-05-29', 1, 29, 5, 2019, NULL, 2, 'lunch', 105, '2019-05-29 06:48:30', '2019-05-29 06:48:30'),
(1429, '2019-05-29', 1, 29, 5, 2019, NULL, 3, 'strepsils', 70, '2019-05-29 08:57:21', '2019-05-29 08:57:21'),
(1430, '2019-05-29', 1, 29, 5, 2019, NULL, 1, 'fare', 28, '2019-05-29 22:50:27', '2019-05-29 22:50:27'),
(1431, '2019-05-30', 1, 30, 5, 2019, NULL, 1, 'fare', 30, '2019-05-30 06:41:31', '2019-05-30 06:41:31'),
(1432, '2019-05-30', 1, 30, 5, 2019, NULL, 2, 'lunch', 70, '2019-05-30 06:41:45', '2019-05-30 06:41:45'),
(1433, '2019-05-30', 1, 30, 5, 2019, NULL, 3, 'sports center', 15, '2019-05-30 10:57:29', '2019-05-30 10:57:29'),
(1434, '2019-05-31', 1, 31, 5, 2019, NULL, 1, 'fare', 15, '2019-05-31 02:45:38', '2019-05-31 02:45:38'),
(1435, '2019-05-31', 1, 31, 5, 2019, NULL, 3, 'gym', 450, '2019-05-31 03:34:39', '2019-05-31 03:34:39'),
(1436, '2019-05-31', 1, 31, 5, 2019, NULL, 1, 'fare', 15, '2019-05-31 03:35:07', '2019-05-31 03:35:07'),
(1437, '2019-05-31', 1, 31, 5, 2019, NULL, 2, 'lunch', 100, '2019-05-31 03:35:18', '2019-05-31 03:35:18'),
(1438, '2019-05-31', 1, 31, 5, 2019, NULL, 1, 'fare', 14, '2019-06-01 13:45:21', '2019-06-01 13:45:21'),
(1439, '2019-05-31', 1, 31, 5, 2019, NULL, 2, 'dinner', 350, '2019-06-01 13:45:59', '2019-06-01 13:45:59'),
(1440, '2019-05-31', 1, 31, 5, 2019, NULL, 1, 'fare', 30, '2019-06-01 13:46:26', '2019-06-01 13:46:26'),
(1441, '2019-05-31', 1, 31, 5, 2019, NULL, 3, 'shiely', 200, '2019-06-01 13:46:40', '2019-06-01 13:46:40'),
(1442, '2019-05-31', 1, 31, 5, 2019, NULL, 1, 'fare', 14, '2019-06-01 13:47:00', '2019-06-01 13:47:00'),
(1443, '2019-06-01', 1, 1, 6, 2019, NULL, 1, 'fare', 14, '2019-06-01 13:47:48', '2019-06-01 13:47:48'),
(1444, '2019-06-01', 1, 1, 6, 2019, NULL, 2, 'llunch', 150, '2019-06-01 13:48:57', '2019-06-01 13:48:57'),
(1445, '2019-06-01', 1, 1, 6, 2019, NULL, 1, 'fare', 14, '2019-06-01 13:49:13', '2019-06-01 13:49:13'),
(1447, '2019-06-01', 1, 1, 6, 2019, NULL, 2, 'ice cream', 66, '2019-06-01 13:49:55', '2019-06-01 13:49:55'),
(1448, '2019-06-01', 1, 1, 6, 2019, NULL, 3, 'shiely sandal', 200, '2019-06-01 13:50:28', '2019-06-01 13:50:28'),
(1449, '2019-06-01', 1, 1, 6, 2019, NULL, 2, 'water', 40, '2019-06-01 13:50:38', '2019-06-01 13:50:38'),
(1450, '2019-06-01', 1, 1, 6, 2019, NULL, 3, 'bench', 808, '2019-06-01 13:51:27', '2019-06-01 13:51:27'),
(1451, '2019-06-01', 1, 1, 6, 2019, NULL, 3, 'watsons', 242, '2019-06-01 13:51:55', '2019-06-01 13:51:55'),
(1452, '2019-06-01', 1, 1, 6, 2019, NULL, 3, 'olympic village', 760, '2019-06-01 13:53:37', '2019-06-01 13:53:37'),
(1453, '2019-06-01', 1, 1, 6, 2019, NULL, 1, 'fare', 14, '2019-06-01 13:53:51', '2019-06-01 13:53:51'),
(1454, '2019-06-01', 1, 1, 6, 2019, NULL, 2, 'snack bfb', 240, '2019-06-01 13:54:17', '2019-06-01 13:54:17'),
(1455, '2019-06-01', 1, 1, 6, 2019, NULL, 1, 'fare', 20, '2019-06-01 13:54:33', '2019-06-01 13:54:33'),
(1456, '2019-06-01', 1, 1, 6, 2019, NULL, 1, 'fare', 14, '2019-06-01 13:54:43', '2019-06-01 13:54:43'),
(1457, '2019-06-01', 1, 1, 6, 2019, NULL, 3, 'sandugo sandal', 608, '2019-06-01 13:54:58', '2019-06-01 13:54:58'),
(1458, '2019-06-01', 1, 1, 6, 2019, NULL, 3, 'arm band', 58, '2019-06-01 13:55:10', '2019-06-01 13:55:10'),
(1459, '2019-06-01', 1, 1, 6, 2019, NULL, 2, 'dinner', 350, '2019-06-01 13:55:27', '2019-06-01 13:55:27'),
(1460, '2019-06-01', 1, 1, 6, 2019, NULL, 3, 'justin bday', 500, '2019-06-02 02:11:17', '2019-06-02 02:11:17');
INSERT INTO `expenses` (`id`, `full_date`, `user_id`, `day`, `month`, `year`, `category`, `category_id`, `description`, `value`, `created_at`, `updated_at`) VALUES
(1461, '2019-06-02', 1, 2, 6, 2019, NULL, 2, 'breakfast', 60, '2019-06-02 02:11:28', '2019-06-02 02:11:28'),
(1462, '2019-06-02', 1, 2, 6, 2019, NULL, 2, 'lunch', 58, '2019-06-02 03:22:14', '2019-06-02 03:22:14'),
(1463, '2019-06-02', 1, 2, 6, 2019, NULL, 1, 'fare', 7, '2019-06-03 04:24:08', '2019-06-03 04:24:08'),
(1464, '2019-06-03', 1, 3, 6, 2019, NULL, 3, 'jan raymond gym', 300, '2019-06-03 04:24:26', '2019-06-03 04:24:26'),
(1465, '2019-06-03', 1, 3, 6, 2019, NULL, 1, 'taxi', 130, '2019-06-03 04:24:33', '2019-06-03 04:24:33'),
(1466, '2019-06-03', 1, 3, 6, 2019, NULL, 3, 'LTO', 320, '2019-06-03 04:24:40', '2019-06-03 04:24:40'),
(1467, '2019-06-03', 1, 3, 6, 2019, NULL, 1, 'fare', 12, '2019-06-03 04:24:47', '2019-06-03 04:24:47'),
(1468, '2019-06-03', 1, 3, 6, 2019, NULL, 2, 'lunch', 196, '2019-06-03 04:25:06', '2019-06-03 04:25:06'),
(1469, '2019-06-03', 1, 3, 6, 2019, NULL, 3, 'herbal respi', 2800, '2019-06-03 07:34:43', '2019-06-03 07:34:43'),
(1470, '2019-06-03', 1, 3, 6, 2019, NULL, 3, 'grocery', 121, '2019-06-03 07:35:05', '2019-06-03 07:35:05'),
(1471, '2019-06-03', 1, 3, 6, 2019, NULL, 1, 'fare', 20, '2019-06-03 07:54:38', '2019-06-03 07:54:38'),
(1472, '2019-06-04', 1, 4, 6, 2019, NULL, 1, 'fare', 14, '2019-06-04 04:30:22', '2019-06-04 04:30:22'),
(1473, '2019-06-04', 1, 4, 6, 2019, NULL, 3, 'shiely borrow', 200, '2019-06-04 04:30:34', '2019-06-04 04:30:34'),
(1474, '2019-06-04', 1, 4, 6, 2019, NULL, 3, 'bench', 1140, '2019-06-04 04:30:43', '2019-06-04 04:30:43'),
(1475, '2019-06-04', 1, 4, 6, 2019, NULL, 2, 'lunch', 170, '2019-06-04 04:30:50', '2019-06-04 04:30:50'),
(1476, '2019-06-04', 1, 4, 6, 2019, NULL, 1, 'fare', 14, '2019-06-04 04:30:57', '2019-06-04 04:30:57'),
(1477, '2019-06-04', 1, 4, 6, 2019, NULL, 3, 'grocery', 176, '2019-06-04 04:31:08', '2019-06-04 04:31:08'),
(1478, '2019-06-07', 1, 7, 6, 2019, NULL, 3, 'siargao tours', 6000, '2019-06-04 04:31:41', '2019-06-04 04:31:41'),
(1479, '2019-06-04', 1, 4, 6, 2019, NULL, 3, 'sports center', 15, '2019-06-04 10:20:36', '2019-06-04 10:20:36'),
(1480, '2019-06-07', 1, 7, 6, 2019, NULL, 3, 'van rental', 2454, '2019-06-05 03:14:27', '2019-06-05 03:14:27'),
(1482, '2019-06-07', 1, 7, 6, 2019, NULL, 3, 'barge siargao dapa vice versa', 1000, '2019-06-05 03:15:21', '2019-06-05 03:15:21'),
(1483, '2019-06-07', 1, 7, 6, 2019, NULL, 3, 'siargao food', 800, '2019-06-05 03:15:36', '2019-06-05 03:15:36'),
(1484, '2019-06-05', 1, 5, 6, 2019, NULL, 2, 'tea', 170, '2019-06-05 05:41:11', '2019-06-05 05:41:11'),
(1485, '2019-06-05', 1, 5, 6, 2019, NULL, 2, 'lunch', 200, '2019-06-05 05:41:20', '2019-06-05 05:41:20'),
(1486, '2019-06-05', 1, 5, 6, 2019, NULL, 2, 'snack', 40, '2019-06-05 08:50:53', '2019-06-05 08:50:53'),
(1487, '2019-06-05', 1, 5, 6, 2019, NULL, 2, 'dinner', 263, '2019-06-05 13:25:27', '2019-06-05 13:25:27'),
(1488, '2019-06-05', 1, 5, 6, 2019, NULL, 1, 'fare', 14, '2019-06-06 05:16:42', '2019-06-06 05:16:42'),
(1489, '2019-06-05', 1, 5, 6, 2019, NULL, 2, 'snack', 70, '2019-06-06 05:16:52', '2019-06-06 05:16:52'),
(1490, '2019-06-05', 1, 5, 6, 2019, NULL, 3, 'misc', 1300, '2019-06-06 05:17:03', '2019-06-06 05:17:03'),
(1491, '2019-06-06', 1, 6, 6, 2019, NULL, 2, 'lunch', 126, '2019-06-06 05:18:18', '2019-06-06 05:18:18'),
(1492, '2019-06-06', 1, 6, 6, 2019, NULL, 2, 'tea', 90, '2019-06-06 05:18:26', '2019-06-06 05:18:26'),
(1493, '2019-06-06', 1, 6, 6, 2019, NULL, 1, 'fare', 7, '2019-06-06 05:18:33', '2019-06-06 05:18:33'),
(1494, '2019-06-06', 1, 6, 6, 2019, NULL, 3, 'lock', 90, '2019-06-06 08:39:55', '2019-06-06 08:39:55'),
(1495, '2019-06-06', 1, 6, 6, 2019, NULL, 3, 'shampoo', 27, '2019-06-06 09:28:23', '2019-06-06 09:28:23'),
(1496, '2019-06-06', 1, 6, 6, 2019, NULL, 2, 'dinner', 250, '2019-06-10 07:51:29', '2019-06-10 07:52:50'),
(1497, '2019-06-07', 1, 7, 6, 2019, NULL, 3, 'snorkel', 300, '2019-06-10 07:53:16', '2019-06-10 07:53:16'),
(1498, '2019-06-07', 1, 7, 6, 2019, NULL, 3, 'bike', 150, '2019-06-10 07:53:32', '2019-06-10 07:53:32'),
(1499, '2019-06-07', 1, 7, 6, 2019, NULL, 3, 'fare to rum bar', 140, '2019-06-10 07:53:51', '2019-06-11 01:40:53'),
(1500, '2019-06-07', 1, 7, 6, 2019, NULL, 3, 'rum bar drinks', 80, '2019-06-10 07:54:09', '2019-06-10 07:54:09'),
(1501, '2019-06-07', 1, 7, 6, 2019, NULL, 3, 'rum bar entrance', 120, '2019-06-10 07:54:18', '2019-06-10 07:54:18'),
(1502, '2019-06-08', 1, 8, 6, 2019, NULL, 3, 'sugba lagoon', 400, '2019-06-10 07:56:43', '2019-06-10 07:56:43'),
(1503, '2019-06-08', 1, 8, 6, 2019, NULL, 3, 'lunch', 60, '2019-06-10 07:57:00', '2019-06-10 07:57:00'),
(1504, '2019-06-07', 1, 7, 6, 2019, NULL, 3, 'ferry cup noodles and egg', 80, '2019-06-10 08:01:57', '2019-06-10 08:01:57'),
(1505, '2019-06-08', 1, 8, 6, 2019, NULL, 3, 'fare going to rum bar', 160, '2019-06-10 08:04:09', '2019-06-10 08:04:09'),
(1506, '2019-06-08', 1, 8, 6, 2019, NULL, 3, 'rum bar drinks', 80, '2019-06-10 08:06:33', '2019-06-10 08:06:33'),
(1507, '2019-06-08', 1, 8, 6, 2019, NULL, 3, 'rum bar entrance', 120, '2019-06-10 08:07:00', '2019-06-10 08:07:00'),
(1508, '2019-06-09', 1, 9, 6, 2019, NULL, 3, 'fare going to port', 120, '2019-06-10 08:07:26', '2019-06-10 08:07:26'),
(1509, '2019-06-09', 1, 9, 6, 2019, NULL, 3, 'breakfast', 75, '2019-06-10 08:07:34', '2019-06-10 08:07:34'),
(1510, '2019-06-09', 1, 9, 6, 2019, NULL, 3, 'stopover snack', 100, '2019-06-10 08:10:02', '2019-06-10 08:10:02'),
(1511, '2019-06-10', 1, 10, 6, 2019, NULL, 3, 'misc', 1518, '2019-06-10 08:14:07', '2019-06-10 08:14:07'),
(1512, '2019-06-10', 1, 10, 6, 2019, NULL, 1, 'fare', 14, '2019-06-10 08:14:18', '2019-06-10 08:14:18'),
(1513, '2019-06-10', 1, 10, 6, 2019, NULL, 2, 'breakfast', 215, '2019-06-10 08:14:28', '2019-06-10 08:14:28'),
(1514, '2019-06-10', 1, 10, 6, 2019, NULL, 3, 'shiely', 100, '2019-06-10 08:14:55', '2019-06-10 08:14:55'),
(1515, '2019-06-10', 1, 10, 6, 2019, NULL, 1, 'fare', 7, '2019-06-10 08:15:01', '2019-06-10 08:15:01'),
(1516, '2019-06-11', 1, 11, 6, 2019, NULL, 1, 'fare', 7, '2019-06-11 00:42:52', '2019-06-11 00:42:52'),
(1518, '2019-06-11', 1, 11, 6, 2019, NULL, 3, 'gym', 30, '2019-06-11 00:43:04', '2019-06-11 00:43:04'),
(1519, '2019-06-09', 1, 9, 6, 2019, NULL, 3, 'dinner', 120, '2019-06-11 01:13:25', '2019-06-11 01:13:25'),
(1520, '2019-06-11', 1, 11, 6, 2019, NULL, 2, 'lunch', 215, '2019-06-11 05:33:26', '2019-06-11 05:33:26'),
(1521, '2019-06-12', 1, 12, 6, 2019, NULL, 1, 'fare', 19, '2019-06-12 00:05:12', '2019-06-12 00:05:12'),
(1522, '2019-06-12', 1, 12, 6, 2019, NULL, 3, 'gym', 300, '2019-06-12 03:26:02', '2019-06-12 03:26:02'),
(1523, '2019-06-12', 1, 12, 6, 2019, NULL, 3, 'water', 20, '2019-06-12 03:26:19', '2019-06-12 03:26:19'),
(1524, '2019-06-12', 1, 12, 6, 2019, NULL, 2, 'lunch', 105, '2019-06-12 08:29:45', '2019-06-12 08:29:45'),
(1525, '2019-06-12', 1, 12, 6, 2019, NULL, 1, 'fare', 68, '2019-06-12 08:31:15', '2019-06-12 08:31:15'),
(1526, '2019-06-12', 1, 12, 6, 2019, NULL, 2, 'snack', 60, '2019-06-12 08:31:23', '2019-06-12 08:31:23'),
(1527, '2019-06-12', 1, 12, 6, 2019, NULL, 1, 'fare', 6, '2019-06-12 12:57:23', '2019-06-12 12:57:23'),
(1528, '2019-06-12', 1, 12, 6, 2019, NULL, 3, 'papa borrow', 350, '2019-06-12 12:57:39', '2019-06-12 12:57:39'),
(1529, '2019-06-13', 1, 13, 6, 2019, NULL, 1, 'fare', 6, '2019-06-13 05:02:09', '2019-06-13 05:02:09'),
(1530, '2019-06-13', 1, 13, 6, 2019, NULL, 2, 'lunch', 70, '2019-06-13 05:02:16', '2019-06-13 05:02:16'),
(1531, '2019-06-13', 1, 13, 6, 2019, NULL, 2, 'tea', 170, '2019-06-13 05:47:52', '2019-06-13 05:47:52'),
(1532, '2019-06-13', 1, 13, 6, 2019, NULL, 3, 'party hat, party popper, number baloon', 176, '2019-06-13 08:51:12', '2019-06-13 08:51:12'),
(1533, '2019-06-13', 1, 13, 6, 2019, NULL, 3, 'tarp', 48, '2019-06-13 08:51:20', '2019-06-13 08:51:20'),
(1534, '2019-06-13', 1, 13, 6, 2019, NULL, 3, 'sports center', 15, '2019-06-13 11:09:06', '2019-06-13 11:09:06'),
(1535, '2019-06-14', 1, 14, 6, 2019, NULL, 1, 'fare', 21, '2019-06-14 02:27:57', '2019-06-14 02:27:57'),
(1536, '2019-06-14', 1, 14, 6, 2019, NULL, 3, 'gym', 300, '2019-06-14 02:31:02', '2019-06-14 02:31:02'),
(1537, '2019-06-14', 1, 14, 6, 2019, NULL, 1, 'fare', 98, '2019-06-14 09:07:16', '2019-06-14 09:07:16'),
(1538, '2019-06-14', 1, 14, 6, 2019, NULL, 3, 'booking for rota beach resort', 4600, '2019-06-14 10:59:16', '2019-06-14 10:59:16'),
(1539, '2019-06-14', 1, 14, 6, 2019, NULL, 3, 'load', 700, '2019-06-15 01:57:18', '2019-06-15 01:57:18'),
(1540, '2019-06-14', 1, 14, 6, 2019, NULL, 1, 'fare', 7, '2019-06-15 01:57:55', '2019-06-15 01:57:55'),
(1541, '2019-06-15', 1, 15, 6, 2019, NULL, 2, 'lunch', 74, '2019-06-15 08:03:03', '2019-06-15 08:03:03'),
(1542, '2019-06-15', 1, 15, 6, 2019, NULL, 3, 'load', 50, '2019-06-15 08:03:13', '2019-06-15 08:03:13'),
(1543, '2019-06-15', 1, 15, 6, 2019, NULL, 1, 'fare', 54, '2019-06-15 10:28:35', '2019-06-15 10:28:35'),
(1544, '2019-06-16', 1, 16, 6, 2019, NULL, 1, 'fare', 44, '2019-06-16 02:14:01', '2019-06-16 02:14:01'),
(1545, '2019-06-16', 1, 16, 6, 2019, NULL, 3, 'flower for nanay', 50, '2019-06-16 02:14:12', '2019-06-16 02:14:12'),
(1546, '2019-06-16', 1, 16, 6, 2019, NULL, 2, 'lunch', 20, '2019-06-16 05:57:52', '2019-06-16 05:57:52'),
(1547, '2019-06-16', 1, 16, 6, 2019, NULL, 1, 'fare', 8, '2019-06-16 08:08:13', '2019-06-16 08:08:13'),
(1548, '2019-06-17', 1, 17, 6, 2019, NULL, 2, 'lunch', 65, '2019-06-17 04:34:59', '2019-06-17 04:34:59'),
(1549, '2019-06-17', 1, 17, 6, 2019, NULL, 3, 'shiely ate', 300, '2019-06-17 07:16:08', '2019-06-17 07:16:08'),
(1550, '2019-06-17', 1, 17, 6, 2019, NULL, 2, 'snack', 40, '2019-06-17 07:38:42', '2019-06-17 07:38:42'),
(1551, '2019-06-17', 1, 17, 6, 2019, NULL, 2, 'dinner', 130, '2019-06-17 11:59:18', '2019-06-17 11:59:18'),
(1552, '2019-06-17', 1, 17, 6, 2019, NULL, 1, 'fare', 100, '2019-06-18 04:40:18', '2019-06-18 04:40:18'),
(1553, '2019-06-18', 1, 18, 6, 2019, NULL, 3, 'misc', 1520, '2019-06-18 04:40:34', '2019-06-18 04:40:34'),
(1554, '2019-06-18', 1, 18, 6, 2019, NULL, 2, 'breakfast', 430, '2019-06-18 04:41:36', '2019-06-18 04:41:36'),
(1555, '2019-06-18', 1, 18, 6, 2019, NULL, 1, 'fare', 7, '2019-06-18 04:41:43', '2019-06-18 04:41:43'),
(1556, '2019-06-18', 1, 18, 6, 2019, NULL, 3, 'tea and load', 200, '2019-06-18 09:38:30', '2019-06-18 09:38:30'),
(1557, '2019-06-18', 1, 18, 6, 2019, NULL, 1, 'fare', 20, '2019-06-18 09:38:40', '2019-06-18 09:38:40'),
(1558, '2019-06-18', 1, 18, 6, 2019, NULL, 3, 'sports center', 15, '2019-06-18 12:27:24', '2019-06-18 12:27:24'),
(1559, '2019-06-18', 1, 18, 6, 2019, NULL, 2, 'dinner', 43, '2019-06-18 14:38:22', '2019-06-18 14:38:22'),
(1560, '2019-06-19', 1, 19, 6, 2019, NULL, 1, 'fare', 19, '2019-06-19 00:21:12', '2019-06-19 00:21:12'),
(1561, '2019-06-19', 1, 19, 6, 2019, NULL, 1, 'fare', 21, '2019-06-19 02:42:54', '2019-06-19 02:42:54'),
(1562, '2019-06-19', 1, 19, 6, 2019, NULL, 3, 'gym', 310, '2019-06-19 02:43:03', '2019-06-19 02:43:03'),
(1563, '2019-06-19', 1, 19, 6, 2019, NULL, 2, 'snack', 32, '2019-06-19 06:49:23', '2019-06-19 08:56:27'),
(1564, '2019-06-19', 1, 19, 6, 2019, NULL, 2, 'lunch', 85, '2019-06-19 08:56:41', '2019-06-19 08:56:41'),
(1565, '2019-06-20', 1, 20, 6, 2019, NULL, 2, 'snack', 59, '2019-06-20 07:37:20', '2019-06-20 07:37:20'),
(1566, '2019-06-20', 1, 20, 6, 2019, NULL, 2, 'snack', 84, '2019-06-20 09:39:45', '2019-06-20 09:39:45'),
(1567, '2019-06-21', 1, 21, 6, 2019, NULL, 2, 'breakfast', 120, '2019-06-20 23:32:53', '2019-06-20 23:32:53'),
(1568, '2019-06-21', 1, 21, 6, 2019, NULL, 2, 'lunch', 57, '2019-06-21 04:36:17', '2019-06-21 04:36:17'),
(1569, '2019-06-21', 1, 21, 6, 2019, NULL, 2, 'snack', 50, '2019-06-21 08:50:22', '2019-06-21 08:50:22'),
(1570, '2019-06-22', 1, 22, 6, 2019, NULL, 1, 'fare', 7, '2019-06-21 23:12:39', '2019-06-21 23:12:39'),
(1571, '2019-06-22', 1, 22, 6, 2019, NULL, 2, 'lunch', 26, '2019-06-22 03:50:22', '2019-06-22 03:50:22'),
(1572, '2019-06-22', 1, 22, 6, 2019, NULL, 1, 'fare', 14, '2019-06-22 03:50:29', '2019-06-22 03:50:29'),
(1573, '2019-06-22', 1, 22, 6, 2019, NULL, 1, 'fare', 14, '2019-06-22 11:47:40', '2019-06-22 11:47:40'),
(1574, '2019-06-22', 1, 22, 6, 2019, NULL, 1, 'fare', 40, '2019-06-22 11:47:47', '2019-06-22 11:47:47'),
(1575, '2019-06-23', 1, 23, 6, 2019, NULL, 2, 'breakfast', 10, '2019-06-23 02:37:59', '2019-06-23 02:37:59'),
(1576, '2019-06-23', 1, 23, 6, 2019, NULL, 2, 'lunch', 234, '2019-06-23 02:45:53', '2019-06-23 02:45:53'),
(1577, '2019-06-23', 1, 23, 6, 2019, NULL, 3, 'boxing', 150, '2019-06-23 04:25:46', '2019-06-23 04:25:46'),
(1578, '2019-06-23', 1, 23, 6, 2019, NULL, 2, 'snack', 160, '2019-06-23 08:52:35', '2019-06-23 08:52:35'),
(1579, '2019-06-23', 1, 23, 6, 2019, NULL, 1, 'fare', 100, '2019-06-23 11:14:49', '2019-06-23 11:14:49'),
(1580, '2019-06-24', 1, 24, 6, 2019, NULL, 2, 'snack', 83, '2019-06-24 03:21:01', '2019-06-24 03:21:01'),
(1581, '2019-06-24', 1, 24, 6, 2019, NULL, 2, 'lunch', 70, '2019-06-24 04:54:20', '2019-06-24 04:54:20'),
(1582, '2019-06-24', 1, 24, 6, 2019, NULL, 3, 'tea', 200, '2019-06-24 04:54:39', '2019-06-24 04:54:39'),
(1583, '2019-06-25', 1, 25, 6, 2019, NULL, 3, 'drinks', 400, '2019-06-24 17:12:52', '2019-06-24 23:35:13'),
(1584, '2019-06-25', 1, 25, 6, 2019, NULL, 2, 'breakfast', 85, '2019-06-25 04:28:20', '2019-06-25 04:28:20'),
(1585, '2019-06-25', 1, 25, 6, 2019, NULL, 1, 'fare', 20, '2019-06-25 04:28:36', '2019-06-25 04:28:36'),
(1586, '2019-06-25', 1, 25, 6, 2019, NULL, 2, 'lunch', 142, '2019-06-25 05:04:47', '2019-06-25 05:04:47'),
(1587, '2019-06-26', 1, 26, 6, 2019, NULL, 3, 'gym', 300, '2019-06-26 02:31:04', '2019-06-26 02:31:04'),
(1588, '2019-06-26', 1, 26, 6, 2019, NULL, 1, 'fare', 28, '2019-06-26 02:31:32', '2019-06-26 02:31:32'),
(1589, '2019-06-26', 1, 26, 6, 2019, NULL, 2, 'lunch', 160, '2019-06-26 05:20:52', '2019-06-26 05:20:52'),
(1590, '2019-06-26', 1, 26, 6, 2019, NULL, 1, 'taxi', 180, '2019-06-26 22:39:43', '2019-06-26 22:39:43'),
(1591, '2019-06-27', 1, 27, 6, 2019, NULL, 2, 'lunch', 40, '2019-06-27 05:32:40', '2019-06-27 05:32:40'),
(1592, '2019-06-28', 1, 28, 6, 2019, NULL, 2, 'lunch', 82, '2019-06-28 06:16:59', '2019-06-28 06:16:59'),
(1593, '2019-06-28', 1, 28, 6, 2019, NULL, 1, 'fare', 21, '2019-06-28 09:55:22', '2019-06-28 09:55:22'),
(1594, '2019-06-28', 1, 28, 6, 2019, NULL, 1, 'fare', 50, '2019-06-28 13:53:20', '2019-06-28 13:53:20'),
(1595, '2019-06-29', 1, 29, 6, 2019, NULL, 2, 'breakfast', 252, '2019-06-29 12:24:33', '2019-06-29 12:24:33'),
(1596, '2019-06-29', 1, 29, 6, 2019, NULL, 1, 'fare', 14, '2019-06-29 12:24:43', '2019-06-29 12:24:43'),
(1597, '2019-06-29', 1, 29, 6, 2019, NULL, 2, 'lunch', 190, '2019-06-29 12:25:46', '2019-06-29 12:25:46'),
(1598, '2019-06-29', 1, 29, 6, 2019, NULL, 3, 'cake', 350, '2019-06-29 12:26:12', '2019-06-29 12:26:12'),
(1599, '2019-06-29', 1, 29, 6, 2019, NULL, 1, 'fare', 42, '2019-06-29 12:26:31', '2019-06-29 12:26:31'),
(1600, '2019-06-30', 1, 30, 6, 2019, NULL, 1, 'fare', 100, '2019-06-30 08:04:09', '2019-06-30 08:04:09'),
(1601, '2019-06-30', 1, 30, 6, 2019, NULL, 2, 'lunch', 144, '2019-06-30 08:04:21', '2019-06-30 08:04:21'),
(1602, '2019-06-30', 1, 30, 6, 2019, NULL, 1, 'fare', 14, '2019-06-30 08:04:33', '2019-06-30 08:04:33'),
(1603, '2019-06-30', 1, 30, 6, 2019, NULL, 3, 'paid jhon borrowed', 1000, '2019-06-30 08:05:08', '2019-06-30 08:05:08'),
(1604, '2019-06-30', 1, 30, 6, 2019, NULL, 1, 'fare', 44, '2019-06-30 09:03:33', '2019-06-30 09:03:33'),
(1605, '2019-06-30', 1, 30, 6, 2019, NULL, 1, 'fare', 7, '2019-06-30 13:12:30', '2019-06-30 13:12:30'),
(1606, '2019-06-28', 1, 28, 6, 2019, NULL, 3, 'ktv', 200, '2019-06-30 22:37:09', '2019-06-30 22:37:09'),
(1607, '2019-07-01', 1, 1, 7, 2019, NULL, 3, 'June balance', 2782, '2019-06-30 22:44:31', '2019-06-30 22:44:31'),
(1608, '2019-07-01', 1, 1, 7, 2019, NULL, 3, 'paid honglay borrowed', 7000, '2019-06-30 22:45:10', '2019-06-30 22:45:10'),
(1609, '2019-07-01', 1, 1, 7, 2019, NULL, 3, 'car loan', 4000, '2019-06-30 22:45:19', '2019-06-30 22:45:19'),
(1610, '2019-07-01', 1, 1, 7, 2019, NULL, 3, 'bpi service charge', 76, '2019-06-30 22:48:05', '2019-07-04 01:55:13'),
(1611, '2019-07-01', 1, 1, 7, 2019, NULL, 3, 'gym', 150, '2019-07-01 02:33:52', '2019-07-01 02:33:52'),
(1612, '2019-07-01', 1, 1, 7, 2019, NULL, 2, 'lunch', 118, '2019-07-01 04:55:13', '2019-07-01 04:55:13'),
(1613, '2019-07-01', 1, 1, 7, 2019, NULL, 3, 'paid booking for cebu IT park accomodation', 2857, '2019-07-01 22:54:21', '2019-07-01 22:54:21'),
(1614, '2019-07-01', 1, 1, 7, 2019, NULL, 3, 'shoppee gopro bag and 3way stick', 575, '2019-07-01 22:57:18', '2019-07-01 22:57:18'),
(1615, '2019-07-02', 1, 2, 7, 2019, NULL, 2, 'snack', 66, '2019-07-02 00:55:50', '2019-07-02 00:55:50'),
(1616, '2019-07-02', 1, 2, 7, 2019, NULL, 2, 'lunch', 129, '2019-07-02 03:00:52', '2019-07-02 03:00:52'),
(1617, '2019-07-02', 1, 2, 7, 2019, NULL, 2, 'snack', 40, '2019-07-02 08:33:19', '2019-07-02 09:40:22'),
(1618, '2019-07-03', 1, 3, 7, 2019, NULL, 3, 'gym monthly', 2600, '2019-07-03 03:05:11', '2019-07-03 03:05:11'),
(1619, '2019-07-03', 1, 3, 7, 2019, NULL, 2, 'lunch', 100, '2019-07-03 05:27:18', '2019-07-03 05:27:18'),
(1620, '2019-07-03', 1, 3, 7, 2019, NULL, 2, 'tea', 180, '2019-07-03 06:06:28', '2019-07-03 06:06:28'),
(1621, '2019-07-03', 1, 3, 7, 2019, NULL, 1, 'fare', 40, '2019-07-03 10:11:12', '2019-07-03 10:11:12'),
(1622, '2019-07-04', 1, 4, 7, 2019, NULL, 1, 'fare', 14, '2019-07-04 01:27:57', '2019-07-04 01:27:57'),
(1623, '2019-07-04', 1, 4, 7, 2019, NULL, 3, 'haircut', 115, '2019-07-04 01:28:22', '2019-07-04 01:28:22'),
(1624, '2019-07-04', 1, 4, 7, 2019, NULL, 2, 'lunch', 60, '2019-07-04 04:40:44', '2019-07-04 04:40:44'),
(1625, '2019-07-04', 1, 4, 7, 2019, NULL, 3, 'grocery', 342, '2019-07-04 06:04:44', '2019-07-04 06:04:44'),
(1626, '2019-07-04', 1, 4, 7, 2019, NULL, 3, 'sports center', 15, '2019-07-04 10:15:08', '2019-07-04 10:15:08'),
(1627, '2019-07-05', 1, 5, 7, 2019, NULL, 2, 'lunch', 130, '2019-07-05 07:08:28', '2019-07-05 07:08:28'),
(1628, '2019-07-05', 1, 5, 7, 2019, NULL, 3, 'lazada iphone charger', 579, '2019-07-05 07:31:03', '2019-07-05 07:31:03'),
(1629, '2019-07-06', 1, 6, 7, 2019, NULL, 1, 'fare', 21, '2019-07-06 01:46:16', '2019-07-06 01:46:16'),
(1630, '2019-07-06', 1, 6, 7, 2019, NULL, 1, 'fare', 14, '2019-07-06 07:08:26', '2019-07-06 07:08:26'),
(1631, '2019-07-06', 1, 6, 7, 2019, NULL, 2, 'lunch', 208, '2019-07-06 07:08:35', '2019-07-06 07:08:35'),
(1632, '2019-07-06', 1, 6, 7, 2019, NULL, 1, 'fare', 14, '2019-07-06 07:11:53', '2019-07-06 07:11:53'),
(1633, '2019-07-06', 1, 6, 7, 2019, NULL, 2, 'snack', 335, '2019-07-06 07:12:17', '2019-07-06 07:12:17'),
(1634, '2019-07-06', 1, 6, 7, 2019, NULL, 3, 'gcash', 150, '2019-07-06 07:12:25', '2019-07-06 07:12:25'),
(1635, '2019-07-06', 1, 6, 7, 2019, NULL, 3, 'phone repair battery', 1300, '2019-07-06 07:14:21', '2019-07-06 07:14:21'),
(1636, '2019-07-06', 1, 6, 7, 2019, NULL, 1, 'taxi', 62, '2019-07-06 07:14:33', '2019-07-06 07:14:33'),
(1637, '2019-07-06', 1, 6, 7, 2019, NULL, 1, 'fare', 14, '2019-07-06 07:14:38', '2019-07-06 07:14:38'),
(1638, '2019-07-06', 1, 6, 7, 2019, NULL, 2, 'snack', 168, '2019-07-06 11:46:07', '2019-07-06 11:46:07'),
(1639, '2019-07-07', 1, 7, 7, 2019, NULL, 2, 'coffee', 28, '2019-07-07 13:18:00', '2019-07-07 13:18:00'),
(1640, '2019-07-08', 1, 8, 7, 2019, NULL, 3, 'load', 20, '2019-07-07 22:32:45', '2019-07-07 22:32:45'),
(1641, '2019-07-08', 1, 8, 7, 2019, NULL, 1, 'fare', 28, '2019-07-08 01:56:37', '2019-07-08 01:56:37'),
(1642, '2019-07-08', 1, 8, 7, 2019, NULL, 3, 'sports center', 30, '2019-07-08 01:56:47', '2019-07-08 01:56:47'),
(1643, '2019-07-08', 1, 8, 7, 2019, NULL, 2, 'breakfast', 109, '2019-07-08 01:56:55', '2019-07-08 01:56:55'),
(1644, '2019-07-08', 1, 8, 7, 2019, NULL, 3, 'shoppee misc', 715, '2019-07-08 03:00:45', '2019-07-08 03:00:45'),
(1645, '2019-07-08', 1, 8, 7, 2019, NULL, 2, 'lunch', 75, '2019-07-08 03:11:10', '2019-07-08 03:11:10'),
(1646, '2019-07-08', 1, 8, 7, 2019, NULL, 2, 'snack', 30, '2019-07-08 08:00:52', '2019-07-08 08:00:52'),
(1647, '2019-07-08', 1, 8, 7, 2019, NULL, 2, 'tea', 25, '2019-07-08 09:29:13', '2019-07-08 09:29:13'),
(1648, '2019-07-08', 1, 8, 7, 2019, NULL, 1, 'fare', 14, '2019-07-08 15:01:04', '2019-07-08 15:01:04'),
(1649, '2019-07-08', 1, 8, 7, 2019, NULL, 2, 'dinner', 21, '2019-07-08 15:01:10', '2019-07-08 15:01:10'),
(1650, '2019-07-08', 1, 8, 7, 2019, NULL, 2, 'hot tea', 90, '2019-07-08 15:01:21', '2019-07-08 15:01:21'),
(1651, '2019-07-08', 1, 8, 7, 2019, NULL, 1, 'taxi', 155, '2019-07-08 15:01:32', '2019-07-08 15:01:32'),
(1652, '2019-07-08', 1, 8, 7, 2019, NULL, 2, 'ice', 10, '2019-07-08 15:01:42', '2019-07-08 15:01:42'),
(1653, '2019-07-09', 1, 9, 7, 2019, NULL, 2, 'lunch', 160, '2019-07-09 05:23:33', '2019-07-09 05:23:33'),
(1654, '2019-07-09', 1, 9, 7, 2019, NULL, 2, 'snack', 15, '2019-07-09 09:36:59', '2019-07-09 09:36:59'),
(1655, '2019-07-10', 1, 10, 7, 2019, NULL, 1, 'fare', 21, '2019-07-10 02:01:16', '2019-07-10 02:01:16'),
(1656, '2019-07-10', 1, 10, 7, 2019, NULL, 2, 'lunch', 95, '2019-07-10 05:29:55', '2019-07-10 05:29:55'),
(1657, '2019-07-10', 1, 10, 7, 2019, NULL, 2, 'snack', 40, '2019-07-10 05:30:08', '2019-07-10 05:30:08'),
(1658, '2019-07-10', 1, 10, 7, 2019, NULL, 3, 'shiely', 500, '2019-07-10 08:58:04', '2019-07-10 08:58:04'),
(1659, '2019-07-09', 1, 9, 7, 2019, NULL, 3, 'gopro 7', 20680, '2019-07-10 22:36:31', '2019-07-10 22:36:45'),
(1660, '2019-07-11', 1, 11, 7, 2019, NULL, 2, 'lunch', 85, '2019-07-11 04:35:58', '2019-07-11 04:35:58'),
(1661, '2019-07-11', 1, 11, 7, 2019, NULL, 2, 'snack', 57, '2019-07-11 09:46:20', '2019-07-11 09:46:20'),
(1662, '2019-07-12', 1, 12, 7, 2019, NULL, 1, 'fare', 7, '2019-07-12 00:07:35', '2019-07-12 00:07:35'),
(1663, '2019-07-12', 1, 12, 7, 2019, NULL, 2, 'snack', 30, '2019-07-12 00:07:41', '2019-07-12 00:07:41'),
(1664, '2019-07-12', 1, 12, 7, 2019, NULL, 3, 'shoppee cord protector', 279, '2019-07-12 03:13:52', '2019-07-12 03:13:52'),
(1665, '2019-07-12', 1, 12, 7, 2019, NULL, 1, 'fare', 14, '2019-07-13 08:28:28', '2019-07-13 08:28:28'),
(1666, '2019-07-12', 1, 12, 7, 2019, NULL, 2, 'snack', 70, '2019-07-13 08:28:40', '2019-07-13 08:28:40'),
(1667, '2019-07-12', 1, 12, 7, 2019, NULL, 3, 'misc', 1520, '2019-07-13 08:28:47', '2019-07-13 08:28:47'),
(1668, '2019-07-12', 1, 12, 7, 2019, NULL, 1, 'fare', 14, '2019-07-13 08:28:55', '2019-07-13 08:28:55'),
(1669, '2019-07-12', 1, 12, 7, 2019, NULL, 2, 'dinner', 298, '2019-07-13 08:29:44', '2019-07-13 08:29:44'),
(1670, '2019-07-12', 1, 12, 7, 2019, NULL, 1, 'taxi', 106, '2019-07-13 08:30:14', '2019-07-13 08:30:14'),
(1671, '2019-07-12', 1, 12, 7, 2019, NULL, 2, 'snack', 63, '2019-07-13 08:30:33', '2019-07-13 08:30:33'),
(1672, '2019-07-12', 1, 12, 7, 2019, NULL, 1, 'taxi', 111, '2019-07-13 08:30:43', '2019-07-13 08:30:43'),
(1673, '2019-07-13', 1, 13, 7, 2019, NULL, 2, 'lunch', 378, '2019-07-13 08:31:02', '2019-07-13 08:31:02'),
(1674, '2019-07-13', 1, 13, 7, 2019, NULL, 1, 'fare', 14, '2019-07-13 08:31:09', '2019-07-13 08:31:09'),
(1675, '2019-07-13', 1, 13, 7, 2019, NULL, 1, 'fare', 14, '2019-07-13 08:31:19', '2019-07-13 08:31:19'),
(1676, '2019-07-13', 1, 13, 7, 2019, NULL, 1, 'taxi', 125, '2019-07-13 08:31:29', '2019-07-13 08:31:29'),
(1677, '2019-07-14', 1, 14, 7, 2019, NULL, 1, 'fare', 19, '2019-07-14 01:57:20', '2019-07-14 01:57:20'),
(1678, '2019-07-14', 1, 14, 7, 2019, NULL, 2, 'snack', 10, '2019-07-14 01:57:26', '2019-07-14 01:57:26'),
(1679, '2019-07-14', 1, 14, 7, 2019, NULL, 1, 'fare', 14, '2019-07-14 11:10:01', '2019-07-14 11:10:01'),
(1680, '2019-07-14', 1, 14, 7, 2019, NULL, 1, 'fare', 14, '2019-07-14 11:10:08', '2019-07-14 11:10:08'),
(1681, '2019-07-14', 1, 14, 7, 2019, NULL, 2, 'lunch', 323, '2019-07-14 11:10:22', '2019-07-14 11:10:22'),
(1682, '2019-07-14', 1, 14, 7, 2019, NULL, 1, 'fare', 14, '2019-07-14 11:10:27', '2019-07-14 11:10:27'),
(1683, '2019-07-14', 1, 14, 7, 2019, NULL, 1, 'fare', 14, '2019-07-14 11:10:54', '2019-07-14 11:10:54'),
(1684, '2019-07-14', 1, 14, 7, 2019, NULL, 2, 'snack', 10, '2019-07-14 11:11:12', '2019-07-14 11:11:12'),
(1685, '2019-07-15', 1, 15, 7, 2019, NULL, 1, 'fare', 21, '2019-07-15 05:37:34', '2019-07-15 05:37:34'),
(1686, '2019-07-15', 1, 15, 7, 2019, NULL, 2, 'lunch', 60, '2019-07-15 05:37:47', '2019-07-15 05:37:47'),
(1687, '2019-07-15', 1, 15, 7, 2019, NULL, 2, 'snack', 30, '2019-07-15 07:56:18', '2019-07-15 07:56:18'),
(1688, '2019-07-15', 1, 15, 7, 2019, NULL, 3, 'load', 700, '2019-07-15 22:40:20', '2019-07-15 22:40:20'),
(1690, '2019-07-16', 1, 16, 7, 2019, NULL, 2, 'lunch', 71, '2019-07-16 04:24:43', '2019-07-16 04:24:43'),
(1691, '2019-07-16', 1, 16, 7, 2019, NULL, 2, 'snack', 60, '2019-07-16 09:49:48', '2019-07-16 09:49:48'),
(1692, '2019-07-17', 1, 17, 7, 2019, NULL, 3, 'shoppee go pro case, screen protector, filters, diving mask, telesin batteries and charger', 2017, '2019-07-17 02:42:27', '2019-07-17 02:42:27'),
(1693, '2019-07-17', 1, 17, 7, 2019, NULL, 2, 'lunch', 80, '2019-07-17 06:04:26', '2019-07-17 06:04:26'),
(1694, '2019-07-17', 1, 17, 7, 2019, NULL, 1, 'fare', 21, '2019-07-17 09:47:25', '2019-07-17 09:47:25'),
(1695, '2019-07-17', 1, 17, 7, 2019, NULL, 1, 'fare', 7, '2019-07-17 22:31:02', '2019-07-17 22:31:02'),
(1696, '2019-07-18', 3, 18, 7, 2019, NULL, 2, 'breakfast', 20, '2019-07-18 04:51:51', '2019-07-18 04:53:00'),
(1697, '2019-07-18', 3, 18, 7, 2019, NULL, 1, 'plete', 7, '2019-07-18 04:52:12', '2019-07-18 04:52:12'),
(1698, '2019-07-18', 3, 18, 7, 2019, NULL, 2, 'lunch', 48, '2019-07-18 04:52:30', '2019-07-18 04:52:30'),
(1699, '2019-07-18', 1, 18, 7, 2019, NULL, 2, 'lunch', 90, '2019-07-18 07:45:22', '2019-07-18 07:45:22'),
(1700, '2019-07-16', 1, 16, 7, 2019, NULL, 3, 'fare', 50, '2019-07-18 09:22:33', '2019-07-18 09:22:33'),
(1701, '2019-07-18', 1, 18, 7, 2019, NULL, 3, 'shiely', 500, '2019-07-18 09:22:49', '2019-07-18 09:23:04'),
(1702, '2019-07-18', 3, 18, 7, 2019, NULL, 2, 'snack', 15, '2019-07-18 09:55:41', '2019-07-18 09:55:41'),
(1703, '2019-07-19', 1, 19, 7, 2019, NULL, 2, 'lunch', 85, '2019-07-19 05:55:43', '2019-07-19 05:55:43'),
(1705, '2019-07-19', 3, 19, 7, 2019, NULL, 1, 'plete', 7, '2019-07-19 05:56:53', '2019-07-19 05:56:53'),
(1706, '2019-07-19', 3, 19, 7, 2019, NULL, 2, 'lunch', 50, '2019-07-19 05:57:58', '2019-07-19 05:57:58'),
(1707, '2019-07-19', 3, 19, 7, 2019, NULL, 4, 'patak sa coke', 10, '2019-07-19 05:58:46', '2019-07-19 05:58:46'),
(1708, '2019-07-19', 3, 19, 7, 2019, NULL, 2, 'cheese bread', 15, '2019-07-19 08:36:37', '2019-07-19 08:36:37'),
(1709, '2019-07-19', 1, 19, 7, 2019, NULL, 3, 'sports center', 15, '2019-07-19 11:13:34', '2019-07-19 11:13:34'),
(1710, '2019-07-20', 1, 20, 7, 2019, NULL, 1, 'taxi', 150, '2019-07-20 06:52:57', '2019-07-20 06:52:57'),
(1711, '2019-07-20', 1, 20, 7, 2019, NULL, 2, 'lunch', 100, '2019-07-20 06:53:05', '2019-07-20 06:53:05'),
(1712, '2019-07-20', 1, 20, 7, 2019, NULL, 2, 'tea', 170, '2019-07-20 06:53:18', '2019-07-20 06:53:18'),
(1713, '2019-07-20', 1, 20, 7, 2019, NULL, 1, 'fare', 21, '2019-07-20 12:43:52', '2019-07-20 12:43:52'),
(1714, '2019-07-21', 1, 21, 7, 2019, NULL, 1, 'fare', 42, '2019-07-21 04:08:34', '2019-07-21 04:08:34'),
(1715, '2019-07-21', 1, 21, 7, 2019, NULL, 1, 'lunch', 120, '2019-07-21 04:08:57', '2019-07-21 04:08:57'),
(1716, '2019-07-22', 1, 22, 7, 2019, NULL, 3, 'shoppee waterproof case, monopod', 1266, '2019-07-22 03:34:33', '2019-07-22 03:34:33'),
(1717, '2019-07-22', 1, 22, 7, 2019, NULL, 1, 'fare', 28, '2019-07-22 03:34:42', '2019-07-22 03:34:42'),
(1718, '2019-07-22', 1, 22, 7, 2019, NULL, 2, 'lunch', 60, '2019-07-22 03:34:57', '2019-07-22 03:34:57'),
(1719, '2019-07-22', 1, 22, 7, 2019, NULL, 2, 'snack', 32, '2019-07-22 09:34:31', '2019-07-22 09:34:31'),
(1720, '2019-07-22', 1, 22, 7, 2019, NULL, 1, 'fare', 20, '2019-07-22 09:34:42', '2019-07-22 09:34:42'),
(1721, '2019-07-23', 1, 23, 7, 2019, NULL, 1, 'fare', 7, '2019-07-23 00:01:44', '2019-07-23 00:01:44'),
(1722, '2019-07-23', 1, 23, 7, 2019, NULL, 3, 'gym', 80, '2019-07-23 00:01:54', '2019-07-23 00:01:54'),
(1723, '2019-07-23', 1, 23, 7, 2019, NULL, 2, 'snack', 10, '2019-07-23 07:57:00', '2019-07-23 07:57:00'),
(1724, '2019-07-23', 1, 23, 7, 2019, NULL, 3, 'shoppee go pro clip mount', 269, '2019-07-23 08:12:14', '2019-07-23 08:12:14'),
(1725, '2019-07-24', 1, 24, 7, 2019, NULL, 2, 'lunch', 55, '2019-07-24 05:43:41', '2019-07-24 05:43:41'),
(1726, '2019-07-24', 1, 24, 7, 2019, NULL, 1, 'fare', 14, '2019-07-25 06:43:33', '2019-07-25 06:43:33'),
(1727, '2019-07-24', 1, 24, 7, 2019, NULL, 3, 'misc', 1518, '2019-07-25 06:43:40', '2019-07-25 06:43:40'),
(1728, '2019-07-25', 1, 25, 7, 2019, NULL, 2, 'lunch', 127, '2019-07-25 06:43:50', '2019-07-25 06:43:50'),
(1729, '2019-07-25', 1, 25, 7, 2019, NULL, 2, 'tea', 90, '2019-07-25 06:43:56', '2019-07-25 06:43:56'),
(1730, '2019-07-25', 1, 25, 7, 2019, NULL, 1, 'fare', 7, '2019-07-25 06:44:00', '2019-07-25 06:44:00'),
(1731, '2019-07-21', 1, 21, 7, 2019, NULL, 3, 'gym', 50, '2019-07-26 00:22:57', '2019-07-26 00:22:57'),
(1732, '2019-07-25', 1, 25, 7, 2019, NULL, 2, 'snack', 10, '2019-07-26 00:23:53', '2019-07-26 00:23:53'),
(1733, '2019-07-26', 1, 26, 7, 2019, NULL, 2, 'snack', 117, '2019-07-26 05:31:43', '2019-07-26 05:31:43'),
(1734, '2019-07-26', 1, 26, 7, 2019, NULL, 2, 'lunch', 75, '2019-07-26 05:31:48', '2019-07-26 05:31:48'),
(1735, '2019-07-26', 1, 26, 7, 2019, NULL, 2, 'snack', 106, '2019-07-26 06:16:46', '2019-07-26 06:16:46'),
(1736, '2019-07-26', 1, 26, 7, 2019, NULL, 2, 'dinner', 200, '2019-07-26 12:07:32', '2019-07-26 12:07:32'),
(1737, '2019-07-27', 1, 27, 7, 2019, NULL, 1, 'fare', 100, '2019-07-27 06:43:45', '2019-07-27 06:43:45'),
(1738, '2019-07-27', 1, 27, 7, 2019, NULL, 3, 'shaving foam', 120, '2019-07-27 13:13:26', '2019-07-27 13:13:26'),
(1739, '2019-07-28', 1, 28, 7, 2019, NULL, 1, 'fare', 44, '2019-07-28 10:46:00', '2019-07-28 10:46:00'),
(1740, '2019-07-29', 1, 29, 7, 2019, NULL, 2, 'snack', 63, '2019-07-29 01:21:25', '2019-07-29 01:21:25'),
(1741, '2019-07-29', 1, 29, 7, 2019, NULL, 2, 'snack', 20, '2019-07-29 08:37:00', '2019-07-29 08:37:00'),
(1742, '2019-07-29', 1, 29, 7, 2019, NULL, 1, 'fare', 28, '2019-07-29 11:56:40', '2019-07-29 11:56:40'),
(1743, '2019-07-29', 1, 29, 7, 2019, NULL, 2, 'snack', 43, '2019-07-29 23:39:39', '2019-07-29 23:39:39'),
(1744, '2019-07-30', 1, 30, 7, 2019, NULL, 2, 'snack', 33, '2019-07-30 07:20:16', '2019-07-30 07:20:16'),
(1745, '2019-08-01', 3, 1, 8, 2019, NULL, 4, 'utang(guard)', 1650, '2019-07-30 07:54:29', '2019-07-30 07:54:29'),
(1746, '2019-08-01', 3, 1, 8, 2019, NULL, 4, 'utang(lalay)', 300, '2019-07-30 07:54:57', '2019-07-30 07:54:57'),
(1747, '2019-08-01', 3, 1, 8, 2019, NULL, 4, 'utang(office)', 500, '2019-07-30 07:55:08', '2019-07-30 07:55:08'),
(1748, '2019-08-01', 3, 1, 8, 2019, NULL, 4, 'utang(jhon)', 1000, '2019-07-30 07:55:21', '2019-07-30 07:55:21'),
(1749, '2019-08-01', 3, 1, 8, 2019, NULL, 2, 'egg bread', 15, '2019-07-30 07:55:50', '2019-07-30 07:55:50'),
(1750, '2019-07-30', 1, 30, 7, 2019, NULL, 2, 'snack', 15, '2019-07-30 07:59:53', '2019-07-30 07:59:53'),
(1751, '2019-08-01', 3, 1, 8, 2019, NULL, 2, 'water', 10, '2019-07-30 14:41:40', '2019-07-30 14:41:40'),
(1752, '2019-08-01', 3, 1, 8, 2019, NULL, 1, 'plete (paingon performance lab)', 14, '2019-07-30 14:42:10', '2019-07-30 14:42:10'),
(1753, '2019-08-01', 3, 1, 8, 2019, NULL, 4, 'checkup and xray(father)', 2000, '2019-07-30 14:42:59', '2019-07-30 14:42:59'),
(1754, '2019-08-01', 3, 1, 8, 2019, NULL, 1, 'plete pauli(habal2)', 30, '2019-07-30 14:44:59', '2019-07-30 14:44:59'),
(1755, '2019-08-01', 3, 1, 8, 2019, NULL, 4, 'alcohol', 100, '2019-07-30 16:03:06', '2019-07-30 16:03:06'),
(1756, '2019-07-30', 1, 30, 7, 2019, NULL, 1, 'fare', 7, '2019-07-30 22:54:33', '2019-07-30 22:54:33'),
(1757, '2019-08-01', 1, 1, 8, 2019, NULL, 3, 'house loan', 7000, '2019-07-30 23:09:26', '2019-07-30 23:09:26'),
(1758, '2019-08-01', 1, 1, 8, 2019, NULL, 3, 'car loan', 4000, '2019-07-30 23:09:33', '2019-07-30 23:09:33'),
(1759, '2019-07-31', 1, 31, 7, 2019, NULL, 1, 'fare', 7, '2019-07-31 02:59:57', '2019-07-31 02:59:57'),
(1760, '2019-07-31', 1, 31, 7, 2019, NULL, 2, 'lunch', 71, '2019-07-31 05:07:29', '2019-07-31 05:07:29'),
(1761, '2019-08-02', 3, 2, 8, 2019, NULL, 2, 'breakfast', 45, '2019-07-31 06:45:02', '2019-07-31 06:45:02'),
(1762, '2019-08-02', 3, 2, 8, 2019, NULL, 1, 'plete', 7, '2019-07-31 06:45:11', '2019-07-31 06:45:11'),
(1763, '2019-08-02', 3, 2, 8, 2019, NULL, 2, 'lunch', 35, '2019-07-31 06:45:34', '2019-07-31 06:45:34'),
(1765, '2019-07-19', 3, 19, 7, 2019, NULL, 2, 'snack', 76, '2019-07-31 10:18:03', '2019-07-31 10:18:03'),
(1767, '2019-08-02', 3, 2, 8, 2019, NULL, 4, 'electricity bills', 587, '2019-07-31 10:23:20', '2019-07-31 10:23:20'),
(1768, '2019-08-02', 3, 2, 8, 2019, NULL, 4, 'snack', 76, '2019-07-31 10:23:28', '2019-07-31 10:23:28'),
(1769, '2019-08-02', 3, 2, 8, 2019, NULL, 4, 'shampoo,soap,perfume', 368, '2019-07-31 10:23:50', '2019-07-31 10:23:50'),
(1770, '2019-07-31', 1, 31, 7, 2019, NULL, 1, 'fare', 21, '2019-07-31 12:56:09', '2019-07-31 12:56:09'),
(1771, '2019-07-31', 1, 31, 7, 2019, NULL, 2, 'dinner', 240, '2019-07-31 12:56:18', '2019-07-31 12:56:18'),
(1772, '2019-08-02', 3, 2, 8, 2019, NULL, 2, 'dinner', 150, '2019-08-01 03:57:00', '2019-08-01 03:57:00'),
(1773, '2019-08-02', 3, 2, 8, 2019, NULL, 4, 'patak para sojo', 44, '2019-08-01 03:57:19', '2019-08-01 03:57:19'),
(1774, '2019-08-01', 3, 1, 8, 2019, NULL, 2, 'fruits', 130, '2019-08-01 03:59:02', '2019-08-01 03:59:02'),
(1775, '2019-08-01', 3, 1, 8, 2019, NULL, 2, 'breakfast', 20, '2019-08-01 03:59:26', '2019-08-01 03:59:26'),
(1776, '2019-08-01', 3, 1, 8, 2019, NULL, 1, 'plete padulong office', 7, '2019-08-01 03:59:48', '2019-08-01 03:59:48'),
(1777, '2019-08-01', 3, 1, 8, 2019, NULL, 1, 'plete pauli balay', 30, '2019-08-01 04:00:04', '2019-08-01 04:00:04'),
(1779, '2019-08-01', 1, 1, 8, 2019, NULL, 2, 'milk', 60, '2019-08-01 05:24:40', '2019-08-01 05:24:40'),
(1780, '2019-08-01', 1, 1, 8, 2019, NULL, 2, 'lunch', 80, '2019-08-01 05:24:59', '2019-08-01 05:24:59'),
(1781, '2019-08-01', 1, 1, 8, 2019, NULL, 3, 'july excess', 391, '2019-08-01 08:03:03', '2019-08-01 08:03:03'),
(1782, '2019-08-01', 3, 1, 8, 2019, NULL, 2, 'lunch', 37, '2019-08-01 12:37:29', '2019-08-01 12:37:29'),
(1783, '2019-08-01', 3, 1, 8, 2019, NULL, 1, 'plete padulong medical, pabalik office', 21, '2019-08-01 12:38:02', '2019-08-01 12:38:02'),
(1784, '2019-08-01', 1, 1, 8, 2019, NULL, 3, 'kenny rogers paid', 1000, '2019-08-01 12:47:11', '2019-08-01 12:47:11'),
(1785, '2019-08-01', 1, 1, 8, 2019, NULL, 3, 'borrowed mama paid', 320, '2019-08-01 12:47:25', '2019-08-01 12:47:25'),
(1786, '2019-08-01', 3, 1, 8, 2019, NULL, 1, 'plete pauli', 27, '2019-08-02 03:28:57', '2019-08-02 03:28:57'),
(1787, '2019-08-01', 3, 1, 8, 2019, NULL, 2, 'rice (dinner)', 10, '2019-08-02 03:29:48', '2019-08-02 03:29:48'),
(1788, '2019-08-02', 3, 2, 8, 2019, NULL, 1, 'plete padulong office', 7, '2019-08-02 03:30:13', '2019-08-02 03:30:13'),
(1789, '2019-08-02', 3, 2, 8, 2019, NULL, 2, 'breakfast', 20, '2019-08-02 03:30:32', '2019-08-02 03:30:32'),
(1790, '2019-08-02', 1, 2, 8, 2019, NULL, 1, 'fare', 20, '2019-08-02 03:35:33', '2019-08-02 03:35:33'),
(1791, '2019-08-02', 1, 2, 8, 2019, NULL, 1, 'fare', 15, '2019-08-02 03:35:37', '2019-08-02 03:35:37'),
(1792, '2019-08-02', 1, 2, 8, 2019, NULL, 2, 'tea', 170, '2019-08-02 05:31:39', '2019-08-02 05:31:39'),
(1793, '2019-08-02', 3, 2, 8, 2019, NULL, 2, 'lunch', 75, '2019-08-02 07:15:00', '2019-08-02 07:15:00'),
(1794, '2019-08-02', 3, 2, 8, 2019, NULL, 4, 'bayad para attorney', 300, '2019-08-02 07:15:15', '2019-08-02 07:15:15'),
(1795, '2019-08-02', 3, 2, 8, 2019, NULL, 4, 'shoes(sperry)', 5000, '2019-08-02 18:59:23', '2019-08-02 18:59:23'),
(1796, '2019-08-02', 3, 2, 8, 2019, NULL, 4, 'inom', 100, '2019-08-02 18:59:34', '2019-08-02 18:59:34'),
(1797, '2019-08-02', 3, 2, 8, 2019, NULL, 2, 'dinner', 150, '2019-08-02 18:59:46', '2019-08-02 18:59:46'),
(1798, '2019-08-03', 3, 3, 8, 2019, NULL, 1, 'plete pauli', 30, '2019-08-02 19:06:46', '2019-08-02 19:06:46'),
(1799, '2019-08-02', 1, 2, 8, 2019, NULL, 1, 'fare', 15, '2019-08-02 23:32:50', '2019-08-02 23:32:50'),
(1800, '2019-08-02', 1, 2, 8, 2019, NULL, 2, 'dinner', 289, '2019-08-02 23:32:55', '2019-08-02 23:32:55'),
(1801, '2019-08-02', 1, 2, 8, 2019, NULL, 1, 'fare', 30, '2019-08-02 23:33:04', '2019-08-02 23:33:04'),
(1802, '2019-08-02', 1, 2, 8, 2019, NULL, 1, 'fare', 140, '2019-08-02 23:33:09', '2019-08-02 23:33:09'),
(1803, '2019-08-03', 1, 3, 8, 2019, NULL, 1, 'fare', 7, '2019-08-03 09:44:02', '2019-08-03 09:44:02'),
(1804, '2019-08-03', 1, 3, 8, 2019, NULL, 2, 'buko', 20, '2019-08-03 09:44:17', '2019-08-03 09:44:17'),
(1805, '2019-08-03', 1, 3, 8, 2019, NULL, 2, 'lunch', 207, '2019-08-03 09:44:24', '2019-08-03 09:44:24'),
(1806, '2019-08-03', 1, 3, 8, 2019, NULL, 1, 'fare', 14, '2019-08-03 09:44:32', '2019-08-03 09:44:32'),
(1807, '2019-08-03', 1, 3, 8, 2019, NULL, 1, 'fare', 79, '2019-08-03 09:44:57', '2019-08-03 09:44:57'),
(1808, '2019-08-03', 1, 3, 8, 2019, NULL, 2, 'dinner', 226, '2019-08-03 09:45:14', '2019-08-03 09:45:14'),
(1809, '2019-08-04', 1, 4, 8, 2019, NULL, 1, 'fare', 7, '2019-08-04 03:16:41', '2019-08-04 03:16:41'),
(1810, '2019-08-04', 1, 4, 8, 2019, NULL, 3, 'gym', 50, '2019-08-04 03:16:54', '2019-08-04 03:16:54'),
(1811, '2019-08-04', 1, 4, 8, 2019, NULL, 2, 'coffee', 40, '2019-08-04 03:17:01', '2019-08-04 03:17:01'),
(1812, '2019-08-04', 1, 4, 8, 2019, NULL, 2, 'lunch', 150, '2019-08-04 03:17:06', '2019-08-04 03:17:06'),
(1813, '2019-08-04', 1, 4, 8, 2019, NULL, 2, 'snack', 66, '2019-08-04 07:01:53', '2019-08-04 07:01:53'),
(1814, '2019-08-04', 1, 4, 8, 2019, NULL, 2, 'snack', 18, '2019-08-04 07:56:21', '2019-08-04 07:56:21'),
(1815, '2019-08-05', 1, 5, 8, 2019, NULL, 2, 'lunch', 102, '2019-08-05 05:25:50', '2019-08-05 05:25:50'),
(1816, '2019-08-05', 1, 5, 8, 2019, NULL, 3, 'hdmi converter and cord', 589, '2019-08-05 05:33:47', '2019-08-05 05:33:47'),
(1817, '2019-08-05', 1, 5, 8, 2019, NULL, 3, 'bed', 300, '2019-08-06 01:49:48', '2019-08-06 01:49:48'),
(1818, '2019-08-05', 1, 5, 8, 2019, NULL, 2, 'dinner', 140, '2019-08-06 01:50:06', '2019-08-06 01:50:06'),
(1819, '2019-08-05', 1, 5, 8, 2019, NULL, 2, 'drinks', 170, '2019-08-06 01:50:13', '2019-08-06 01:50:13'),
(1820, '2019-08-06', 1, 6, 8, 2019, NULL, 2, 'breakfast', 175, '2019-08-06 01:50:37', '2019-08-06 01:50:37'),
(1822, '2019-08-05', 1, 5, 8, 2019, NULL, 3, 'carnival', 140, '2019-08-06 05:34:51', '2019-08-06 05:34:51'),
(1823, '2019-08-05', 1, 5, 8, 2019, NULL, 1, 'fare', 35, '2019-08-06 05:35:03', '2019-08-06 05:35:03'),
(1824, '2019-08-06', 1, 6, 8, 2019, NULL, 1, 'fare', 14, '2019-08-06 05:35:35', '2019-08-06 05:35:35'),
(1825, '2019-08-06', 1, 6, 8, 2019, NULL, 2, 'lunch', 115, '2019-08-06 05:36:13', '2019-08-06 05:36:13'),
(1826, '2019-08-06', 1, 6, 8, 2019, NULL, 1, 'fare', 14, '2019-08-06 05:39:49', '2019-08-06 05:39:49'),
(1827, '2019-08-06', 1, 6, 8, 2019, NULL, 1, 'fare', 14, '2019-08-06 22:46:30', '2019-08-06 22:46:30'),
(1828, '2019-08-06', 1, 6, 8, 2019, NULL, 2, 'dinner', 15, '2019-08-06 22:46:38', '2019-08-06 22:46:38'),
(1829, '2019-08-06', 1, 6, 8, 2019, NULL, 2, 'snack', 80, '2019-08-06 22:47:22', '2019-08-06 22:47:22'),
(1830, '2019-08-06', 1, 6, 8, 2019, NULL, 1, 'taxi', 170, '2019-08-06 22:47:28', '2019-08-06 22:47:28'),
(1831, '2019-08-01', 1, 1, 8, 2019, NULL, 3, 'service charge', 195, '2019-08-06 22:48:54', '2019-08-06 22:48:54'),
(1832, '2019-08-03', 3, 3, 8, 2019, NULL, 4, 'sabon', 14, '2019-08-07 01:56:39', '2019-08-07 01:56:39'),
(1833, '2019-08-03', 3, 3, 8, 2019, NULL, 2, 'lunch', 31, '2019-08-07 01:56:57', '2019-08-07 01:56:57'),
(1834, '2019-08-03', 3, 3, 8, 2019, NULL, 1, 'plete padulong office', 7, '2019-08-07 01:57:24', '2019-08-07 01:57:24'),
(1835, '2019-08-03', 3, 3, 8, 2019, NULL, 2, 'snack (para kay papa)', 300, '2019-08-07 01:59:48', '2019-08-07 01:59:48'),
(1836, '2019-08-03', 3, 3, 8, 2019, NULL, 2, 'bahog sa iring', 100, '2019-08-07 02:00:09', '2019-08-07 02:00:09'),
(1837, '2019-08-03', 3, 3, 8, 2019, NULL, 1, 'pelete ni mama', 20, '2019-08-07 02:00:21', '2019-08-07 02:00:21'),
(1838, '2019-08-03', 3, 3, 8, 2019, NULL, 4, 'tambal,tubig,pelete ni mama', 450, '2019-08-07 02:00:38', '2019-08-07 02:00:38'),
(1839, '2019-08-03', 3, 3, 8, 2019, NULL, 2, 'batchoy', 201, '2019-08-07 02:00:48', '2019-08-07 02:00:48'),
(1840, '2019-08-03', 3, 3, 8, 2019, NULL, 1, 'plete pauli', 20, '2019-08-07 02:01:00', '2019-08-07 02:01:00'),
(1841, '2019-08-03', 3, 3, 8, 2019, NULL, 1, 'bayad utang', 320, '2019-08-07 02:01:12', '2019-08-07 02:01:12'),
(1842, '2019-08-04', 3, 4, 8, 2019, NULL, 2, 'breakfast and lunch', 80, '2019-08-07 02:01:42', '2019-08-07 02:01:42'),
(1843, '2019-08-04', 3, 4, 8, 2019, NULL, 2, 'snack', 56, '2019-08-07 02:01:57', '2019-08-07 02:01:57'),
(1844, '2019-08-04', 3, 4, 8, 2019, NULL, 2, 'dinner', 76, '2019-08-07 02:02:13', '2019-08-07 02:02:13'),
(1845, '2019-08-04', 3, 4, 8, 2019, NULL, 2, 'snack', 20, '2019-08-07 02:02:29', '2019-08-07 02:02:29'),
(1846, '2019-08-04', 3, 4, 8, 2019, NULL, 2, 'dinner', 34, '2019-08-07 02:03:25', '2019-08-07 02:03:25'),
(1847, '2019-08-05', 3, 5, 8, 2019, NULL, 2, 'breakfast', 56, '2019-08-07 02:03:58', '2019-08-07 02:03:58'),
(1848, '2019-08-05', 3, 5, 8, 2019, NULL, 2, 'lunch', 74, '2019-08-07 02:04:07', '2019-08-07 02:04:07'),
(1849, '2019-08-05', 3, 5, 8, 2019, NULL, 2, 'dinner', 155, '2019-08-07 02:04:16', '2019-08-07 02:04:16'),
(1850, '2019-08-05', 3, 5, 8, 2019, NULL, 4, 'carnival', 125, '2019-08-07 02:04:30', '2019-08-07 02:04:30'),
(1851, '2019-08-05', 3, 5, 8, 2019, NULL, 2, 'water', 20, '2019-08-07 02:04:42', '2019-08-07 02:04:42'),
(1852, '2019-08-05', 3, 5, 8, 2019, NULL, 4, 'chord mac', 450, '2019-08-07 02:05:04', '2019-08-07 02:05:04'),
(1853, '2019-08-06', 3, 6, 8, 2019, NULL, 2, 'breakfast', 50, '2019-08-07 02:05:42', '2019-08-07 02:05:42'),
(1854, '2019-08-06', 3, 6, 8, 2019, NULL, 2, 'lunch', 62, '2019-08-07 02:06:04', '2019-08-07 02:06:04'),
(1855, '2019-08-06', 3, 6, 8, 2019, NULL, 2, 'dinner', 117, '2019-08-07 02:06:15', '2019-08-07 02:06:15'),
(1856, '2019-08-07', 3, 7, 8, 2019, NULL, 2, 'breakfast', 35, '2019-08-07 02:06:45', '2019-08-07 02:06:45'),
(1857, '2019-08-07', 3, 7, 8, 2019, NULL, 4, 'powder, surf', 14, '2019-08-07 02:07:05', '2019-08-07 02:07:05'),
(1858, '2019-08-07', 3, 7, 8, 2019, NULL, 1, 'plete padudlong office', 7, '2019-08-07 02:07:18', '2019-08-07 02:07:18'),
(1859, '2019-08-07', 1, 7, 8, 2019, NULL, 2, 'lunch', 85, '2019-08-07 05:03:43', '2019-08-07 05:03:43'),
(1860, '2019-08-07', 1, 7, 8, 2019, NULL, 1, 'fare', 40, '2019-08-08 01:27:30', '2019-08-08 01:27:30'),
(1861, '2019-08-07', 1, 7, 8, 2019, NULL, 1, 'fare', 150, '2019-08-08 01:27:37', '2019-08-08 01:27:37'),
(1862, '2019-08-08', 3, 8, 8, 2019, NULL, 2, 'breakfast', 40, '2019-08-08 06:52:04', '2019-08-08 06:52:04'),
(1863, '2019-08-08', 3, 8, 8, 2019, NULL, 2, 'lunch', 40, '2019-08-08 06:52:38', '2019-08-08 06:52:38'),
(1864, '2019-08-08', 3, 8, 8, 2019, NULL, 2, 'snack', 25, '2019-08-08 06:52:45', '2019-08-08 06:52:45'),
(1865, '2019-08-08', 3, 8, 8, 2019, NULL, 1, 'plete padulong office', 7, '2019-08-08 06:53:01', '2019-08-08 06:53:01'),
(1866, '2019-08-09', 3, 9, 8, 2019, NULL, 2, 'fruits', 190, '2019-08-08 06:53:34', '2019-08-08 06:53:34'),
(1867, '2019-08-09', 3, 9, 8, 2019, NULL, 2, 'breakfast', 35, '2019-08-08 06:53:46', '2019-08-08 06:53:46'),
(1868, '2019-08-09', 3, 9, 8, 2019, NULL, 2, 'lunch', 70, '2019-08-08 06:54:27', '2019-08-08 06:54:27'),
(1869, '2019-08-09', 3, 9, 8, 2019, NULL, 1, 'plete padulong office', 7, '2019-08-08 06:54:40', '2019-08-08 06:54:40'),
(1870, '2019-08-08', 1, 8, 8, 2019, NULL, 2, 'lunch', 88, '2019-08-08 07:20:18', '2019-08-08 07:20:18'),
(1871, '2019-08-08', 1, 8, 8, 2019, NULL, 3, 'tarp print', 160, '2019-08-08 07:20:35', '2019-08-08 07:20:35'),
(1872, '2019-08-08', 1, 8, 8, 2019, NULL, 3, 'shiely borrow bluetooth earphone', 565, '2019-08-08 07:20:47', '2019-08-08 07:20:47'),
(1873, '2019-08-08', 1, 8, 8, 2019, NULL, 1, 'fare', 28, '2019-08-08 07:20:53', '2019-08-08 07:20:53'),
(1874, '2019-08-08', 1, 8, 8, 2019, NULL, 1, 'fare', 14, '2019-08-08 12:54:51', '2019-08-08 12:54:51'),
(1875, '2019-08-08', 1, 8, 8, 2019, NULL, 3, 'grocery', 107, '2019-08-08 12:54:58', '2019-08-08 12:54:58'),
(1876, '2019-08-08', 1, 8, 8, 2019, NULL, 1, 'fare', 170, '2019-08-08 22:37:34', '2019-08-08 22:37:34'),
(1878, '2019-08-09', 1, 9, 8, 2019, NULL, 2, 'snack', 100, '2019-08-09 02:18:29', '2019-08-09 02:18:29'),
(1879, '2019-08-09', 1, 9, 8, 2019, NULL, 2, 'lunch', 58, '2019-08-09 07:30:04', '2019-08-09 07:30:04'),
(1880, '2019-08-09', 1, 9, 8, 2019, NULL, 3, 'uling', 30, '2019-08-09 07:30:13', '2019-08-09 07:30:13'),
(1881, '2019-08-09', 1, 9, 8, 2019, NULL, 3, 'duplicate keys', 175, '2019-08-09 07:30:26', '2019-08-09 07:30:26'),
(1882, '2019-08-09', 1, 9, 8, 2019, NULL, 3, 'window lock', 70, '2019-08-09 07:30:41', '2019-08-09 07:30:41'),
(1883, '2019-08-09', 3, 9, 8, 2019, NULL, 2, 'dinner(patak2)', 100, '2019-08-10 02:25:59', '2019-08-10 02:25:59'),
(1884, '2019-08-09', 3, 9, 8, 2019, NULL, 2, 'Taho', 25, '2019-08-10 02:26:08', '2019-08-10 02:26:08'),
(1885, '2019-08-09', 3, 9, 8, 2019, NULL, 1, 'plete padulong office', 7, '2019-08-10 02:26:38', '2019-08-10 02:26:38'),
(1886, '2019-08-09', 3, 9, 8, 2019, NULL, 2, 'breakfast', 40, '2019-08-10 02:27:17', '2019-08-10 02:27:17'),
(1887, '2019-08-09', 3, 9, 8, 2019, NULL, 2, 'lunch', 37, '2019-08-10 02:27:46', '2019-08-10 02:27:46'),
(1888, '2019-08-09', 1, 9, 8, 2019, NULL, 3, 'motor gas', 100, '2019-08-10 02:33:33', '2019-08-10 02:33:33'),
(1889, '2019-08-10', 1, 10, 8, 2019, NULL, 1, 'fare', 14, '2019-08-10 09:26:34', '2019-08-10 09:26:34'),
(1890, '2019-08-10', 1, 10, 8, 2019, NULL, 2, 'tea', 90, '2019-08-10 09:27:05', '2019-08-10 09:27:05'),
(1891, '2019-08-10', 1, 10, 8, 2019, NULL, 1, 'fare', 14, '2019-08-10 09:27:10', '2019-08-10 09:27:10'),
(1892, '2019-08-10', 1, 10, 8, 2019, NULL, 1, 'fare', 14, '2019-08-10 09:27:27', '2019-08-10 09:27:27'),
(1893, '2019-08-10', 1, 10, 8, 2019, NULL, 1, 'dinner', 140, '2019-08-10 09:28:20', '2019-08-10 09:28:20'),
(1894, '2019-08-10', 1, 10, 8, 2019, NULL, 1, 'fare', 14, '2019-08-10 13:17:05', '2019-08-10 13:17:05'),
(1895, '2019-08-10', 1, 10, 8, 2019, NULL, 1, 'fare', 165, '2019-08-10 13:17:11', '2019-08-10 13:17:11'),
(1896, '2019-08-11', 1, 11, 8, 2019, NULL, 1, 'fare', 177, '2019-08-11 03:06:01', '2019-08-11 03:06:01'),
(1897, '2019-08-11', 1, 11, 8, 2019, NULL, 2, 'lunch', 245, '2019-08-11 03:06:20', '2019-08-11 03:06:20'),
(1898, '2019-08-10', 3, 10, 8, 2019, NULL, 2, 'breakfast and lunch', 75, '2019-08-11 13:51:24', '2019-08-11 13:51:24'),
(1899, '2019-08-10', 3, 10, 8, 2019, NULL, 4, 'gas', 250, '2019-08-11 13:52:36', '2019-08-11 13:52:36'),
(1900, '2019-08-10', 3, 10, 8, 2019, NULL, 4, 'bayad dula basketball', 30, '2019-08-11 13:53:12', '2019-08-11 13:53:12'),
(1901, '2019-08-10', 3, 10, 8, 2019, NULL, 2, 'dinner', 249, '2019-08-11 13:53:44', '2019-08-11 13:53:44'),
(1902, '2019-08-11', 3, 11, 8, 2019, NULL, 1, 'plete pauli', 21, '2019-08-11 13:54:47', '2019-08-11 13:54:47'),
(1903, '2019-08-11', 3, 11, 8, 2019, NULL, 2, 'dinner', 70, '2019-08-11 13:54:56', '2019-08-11 13:54:56'),
(1904, '2019-08-11', 3, 11, 8, 2019, NULL, 1, 'padulong office', 7, '2019-08-11 13:55:11', '2019-08-11 13:55:11'),
(1905, '2019-08-12', 1, 12, 8, 2019, NULL, 1, 'fare', 14, '2019-08-12 06:57:51', '2019-08-12 06:57:51'),
(1906, '2019-08-12', 1, 12, 8, 2019, NULL, 1, 'fare', 14, '2019-08-12 06:57:55', '2019-08-12 06:57:55'),
(1907, '2019-08-12', 1, 12, 8, 2019, NULL, 3, 'haircut', 115, '2019-08-12 06:58:04', '2019-08-12 06:58:04'),
(1908, '2019-08-12', 1, 12, 8, 2019, NULL, 1, 'fare', 7, '2019-08-12 06:58:08', '2019-08-12 06:58:08'),
(1909, '2019-08-12', 1, 12, 8, 2019, NULL, 2, 'lunch', 410, '2019-08-12 06:58:34', '2019-08-12 06:58:34'),
(1910, '2019-08-12', 1, 12, 8, 2019, NULL, 3, 'neck pillow', 300, '2019-08-12 06:58:42', '2019-08-12 06:58:42'),
(1911, '2019-08-12', 1, 12, 8, 2019, NULL, 3, 'grocery', 142, '2019-08-12 06:58:55', '2019-08-12 06:58:55'),
(1912, '2019-08-12', 1, 12, 8, 2019, NULL, 1, 'fare', 14, '2019-08-12 06:59:07', '2019-08-12 06:59:07'),
(1913, '2019-08-12', 1, 12, 8, 2019, NULL, 2, 'dinner', 100, '2019-08-12 09:29:25', '2019-08-12 09:29:25'),
(1914, '2019-08-12', 1, 12, 8, 2019, NULL, 1, 'fare', 100, '2019-08-13 00:49:15', '2019-08-13 00:49:15'),
(1915, '2019-08-13', 1, 13, 8, 2019, NULL, 1, 'fare', 14, '2019-08-14 03:14:21', '2019-08-14 03:14:21'),
(1916, '2019-08-13', 1, 13, 8, 2019, NULL, 3, 'crossfit', 260, '2019-08-14 03:14:30', '2019-08-14 03:14:30'),
(1917, '2019-08-13', 1, 13, 8, 2019, NULL, 1, 'fare', 20, '2019-08-14 03:14:36', '2019-08-14 03:14:36'),
(1918, '2019-08-13', 1, 13, 8, 2019, NULL, 1, 'fare', 10, '2019-08-14 03:14:44', '2019-08-14 03:14:44'),
(1919, '2019-08-13', 1, 13, 8, 2019, NULL, 1, 'fare', 14, '2019-08-14 03:14:49', '2019-08-14 03:14:49'),
(1920, '2019-08-13', 1, 13, 8, 2019, NULL, 1, 'fare', 145, '2019-08-14 03:15:01', '2019-08-14 03:15:01'),
(1921, '2019-08-14', 1, 14, 8, 2019, NULL, 1, 'fare', 28, '2019-08-14 03:15:07', '2019-08-14 03:15:07'),
(1922, '2019-08-14', 1, 14, 8, 2019, NULL, 3, 'coffee', 60, '2019-08-14 03:15:27', '2019-08-14 03:15:27'),
(1923, '2019-08-13', 1, 13, 8, 2019, NULL, 3, 'load', 20, '2019-08-14 03:23:05', '2019-08-14 03:23:05'),
(1924, '2019-08-14', 1, 14, 8, 2019, NULL, 2, 'lunch', 55, '2019-08-14 06:09:24', '2019-08-14 06:09:24'),
(1925, '2019-08-14', 1, 14, 8, 2019, NULL, 1, 'fare', 28, '2019-08-14 08:46:19', '2019-08-14 08:46:19'),
(1926, '2019-08-14', 1, 14, 8, 2019, NULL, 3, 'waterproof case', 3090, '2019-08-14 08:46:29', '2019-08-14 08:46:29'),
(1927, '2019-08-14', 1, 14, 8, 2019, NULL, 3, 'load', 700, '2019-08-14 10:14:08', '2019-08-14 10:14:08'),
(1928, '2019-08-14', 1, 14, 8, 2019, NULL, 1, 'fare', 14, '2019-08-14 22:43:16', '2019-08-14 22:43:16'),
(1929, '2019-08-14', 1, 14, 8, 2019, NULL, 3, 'shiely borrow', 500, '2019-08-14 22:43:24', '2019-08-14 22:43:24'),
(1930, '2019-08-14', 1, 14, 8, 2019, NULL, 1, 'fare', 100, '2019-08-14 22:43:51', '2019-08-14 22:43:51'),
(1931, '2019-08-14', 1, 14, 8, 2019, NULL, 1, 'fare', 14, '2019-08-15 10:35:09', '2019-08-15 10:35:09'),
(1932, '2019-08-14', 1, 14, 8, 2019, NULL, 2, 'dinner', 60, '2019-08-15 10:35:20', '2019-08-15 10:35:20'),
(1933, '2019-08-14', 1, 14, 8, 2019, NULL, 1, 'fare', 100, '2019-08-15 10:35:31', '2019-08-15 10:35:31'),
(1934, '2019-08-15', 1, 15, 8, 2019, NULL, 2, 'lunch', 20, '2019-08-15 11:53:23', '2019-08-15 11:53:23'),
(1935, '2019-08-15', 1, 15, 8, 2019, NULL, 1, 'fare', 14, '2019-08-15 13:21:42', '2019-08-15 13:21:42'),
(1936, '2019-08-15', 1, 15, 8, 2019, NULL, 2, 'dinner', 75, '2019-08-15 14:41:02', '2019-08-15 14:41:02');
INSERT INTO `expenses` (`id`, `full_date`, `user_id`, `day`, `month`, `year`, `category`, `category_id`, `description`, `value`, `created_at`, `updated_at`) VALUES
(1937, '2019-08-16', 1, 16, 8, 2019, NULL, 3, 'dry bag', 300, '2019-08-16 02:36:47', '2019-08-16 02:36:47'),
(1938, '2019-08-16', 1, 16, 8, 2019, NULL, 2, 'lunch', 76, '2019-08-16 05:44:51', '2019-08-16 05:44:51'),
(1939, '2019-08-16', 1, 16, 8, 2019, NULL, 1, 'fare', 14, '2019-08-16 12:10:06', '2019-08-16 12:10:06'),
(1940, '2019-08-16', 1, 16, 8, 2019, NULL, 1, 'fare', 6, '2019-08-16 12:10:15', '2019-08-16 12:10:15'),
(1941, '2019-08-16', 1, 16, 8, 2019, NULL, 1, 'fare', 7, '2019-08-17 00:57:37', '2019-08-17 00:57:37'),
(1942, '2019-08-17', 1, 17, 8, 2019, NULL, 1, 'fare', 10, '2019-08-17 00:57:49', '2019-08-17 00:57:49'),
(1943, '2019-08-17', 1, 17, 8, 2019, NULL, 2, 'breakfast', 30, '2019-08-17 00:57:55', '2019-08-17 00:57:55'),
(1944, '2019-08-17', 1, 17, 8, 2019, NULL, 1, 'fare', 7, '2019-08-17 06:56:56', '2019-08-17 06:56:56'),
(1945, '2019-08-17', 1, 17, 8, 2019, NULL, 2, 'tea', 90, '2019-08-17 06:57:03', '2019-08-17 06:57:03'),
(1946, '2019-08-17', 1, 17, 8, 2019, NULL, 1, 'fare', 18, '2019-08-17 06:57:06', '2019-08-17 06:57:06'),
(1947, '2019-08-17', 1, 17, 8, 2019, NULL, 1, 'taxi', 100, '2019-08-17 06:57:14', '2019-08-17 06:57:14'),
(1948, '2019-08-17', 1, 17, 8, 2019, NULL, 1, 'fare', 14, '2019-08-17 09:49:44', '2019-08-17 09:49:44'),
(1949, '2019-08-17', 1, 17, 8, 2019, NULL, 1, 'fare', 7, '2019-08-17 09:49:48', '2019-08-17 09:49:48'),
(1950, '2019-08-17', 1, 17, 8, 2019, NULL, 2, 'snack', 20, '2019-08-17 09:49:53', '2019-08-17 09:49:53'),
(1951, '2019-08-18', 1, 18, 8, 2019, NULL, 2, 'snack', 40, '2019-08-18 12:45:43', '2019-08-18 12:45:43'),
(1952, '2019-08-19', 1, 19, 8, 2019, NULL, 2, 'lunch', 85, '2019-08-19 04:53:21', '2019-08-19 04:53:21'),
(1953, '2019-08-19', 1, 19, 8, 2019, NULL, 2, 'dinner', 34, '2019-08-20 02:19:18', '2019-08-20 02:19:18'),
(1954, '2019-08-20', 1, 20, 8, 2019, NULL, 2, 'lunch', 99, '2019-08-20 06:12:20', '2019-08-20 06:12:20'),
(1955, '2019-08-20', 1, 20, 8, 2019, NULL, 3, 'sunblock', 100, '2019-08-20 06:12:28', '2019-08-20 06:12:28'),
(1956, '2019-08-20', 1, 20, 8, 2019, NULL, 2, 'snack', 100, '2019-08-20 06:12:35', '2019-08-20 06:12:35'),
(1957, '2019-08-20', 1, 20, 8, 2019, NULL, 2, 'snack', 10, '2019-08-21 01:23:50', '2019-08-21 01:23:50'),
(1958, '2019-08-20', 1, 20, 8, 2019, NULL, 2, 'dinner', 160, '2019-08-21 01:24:02', '2019-08-21 01:24:02'),
(1959, '2019-08-20', 1, 20, 8, 2019, NULL, 1, 'fare', 100, '2019-08-21 01:24:09', '2019-08-21 01:24:09'),
(1960, '2019-08-21', 1, 21, 8, 2019, NULL, 1, 'fare', 7, '2019-08-21 12:02:54', '2019-08-21 12:02:54'),
(1961, '2019-08-21', 1, 21, 8, 2019, NULL, 3, 'quantum', 300, '2019-08-21 12:03:08', '2019-08-21 12:03:08'),
(1962, '2019-08-21', 1, 21, 8, 2019, NULL, 3, 'scissors', 100, '2019-08-21 12:03:17', '2019-08-21 12:03:17'),
(1963, '2019-08-21', 1, 21, 8, 2019, NULL, 3, 'eyedrop', 240, '2019-08-21 12:03:57', '2019-08-21 12:03:57'),
(1964, '2019-08-21', 1, 21, 8, 2019, NULL, 1, 'fare', 21, '2019-08-21 12:04:56', '2019-08-21 12:04:56'),
(1965, '2019-08-21', 1, 21, 8, 2019, NULL, 2, 'snack', 15, '2019-08-21 12:05:01', '2019-08-21 12:05:01'),
(1966, '2019-08-21', 1, 21, 8, 2019, NULL, 3, 'digital ocean payment', 550, '2019-08-21 12:06:22', '2019-08-21 12:06:22');

-- --------------------------------------------------------

--
-- Table structure for table `income`
--

CREATE TABLE `income` (
  `id` int(10) UNSIGNED NOT NULL,
  `user_id` int(11) NOT NULL,
  `full_date` date NOT NULL,
  `day` int(11) NOT NULL,
  `month` int(11) NOT NULL,
  `year` int(11) NOT NULL,
  `description` varchar(255) COLLATE utf8mb4_unicode_ci NOT NULL DEFAULT 'None',
  `value` int(11) NOT NULL DEFAULT '0',
  `created_at` timestamp NULL DEFAULT NULL,
  `updated_at` timestamp NULL DEFAULT NULL
) ENGINE=InnoDB DEFAULT CHARSET=utf8mb4 COLLATE=utf8mb4_unicode_ci;

--
-- Dumping data for table `income`
--

INSERT INTO `income` (`id`, `user_id`, `full_date`, `day`, `month`, `year`, `description`, `value`, `created_at`, `updated_at`) VALUES
(1, 1, '2018-10-30', 30, 10, 2018, 'main', 27500, '2018-10-29 23:12:32', '2018-10-29 23:12:32'),
(2, 1, '2018-10-30', 30, 10, 2018, 'paypal', 12000, '2018-10-29 23:12:51', '2018-10-29 23:12:51'),
(3, 1, '2018-10-30', 30, 10, 2018, 'shiely savings', 1000, '2018-10-29 23:13:03', '2018-10-29 23:13:03'),
(4, 1, '2018-10-30', 30, 10, 2018, 'savings from september', 1000, '2018-10-29 23:13:13', '2018-10-29 23:13:13'),
(5, 1, '2018-10-30', 30, 10, 2018, 'paypal', 7300, '2018-10-29 23:13:21', '2018-10-29 23:13:21'),
(6, 1, '2018-10-30', 30, 10, 2018, 'paypal', 8000, '2018-10-29 23:13:49', '2018-10-29 23:13:49'),
(7, 1, '2018-11-01', 1, 11, 2018, 'Main', 27500, '2018-11-01 12:30:41', '2018-11-01 12:30:41'),
(8, 1, '2018-11-01', 1, 11, 2018, 'Shiely travel savings', 1000, '2018-11-01 12:31:00', '2018-11-01 12:31:00'),
(9, 1, '2018-11-01', 1, 11, 2018, 'october balance', 5436, '2018-11-01 12:36:10', '2018-11-01 12:36:10'),
(10, 1, '2018-11-07', 7, 11, 2018, 'payment from enna', 10000, '2018-11-06 23:00:25', '2018-11-06 23:00:25'),
(12, 1, '2018-12-01', 1, 12, 2018, 'main', 37800, '2018-12-01 03:31:55', '2018-12-01 03:31:55'),
(13, 1, '2018-12-01', 1, 12, 2018, 'savings from shiely', 1000, '2018-12-01 12:52:33', '2018-12-01 12:52:33'),
(14, 1, '2018-12-12', 12, 12, 2018, 'from paypal', 25000, '2018-12-12 12:38:57', '2018-12-12 12:38:57'),
(16, 1, '2018-12-26', 26, 12, 2018, 'bonus', 37800, '2018-12-26 03:33:46', '2018-12-26 03:33:46'),
(17, 1, '2018-12-29', 29, 12, 2018, 'xmas gift from hadi', 2400, '2018-12-29 06:21:51', '2018-12-29 06:21:51'),
(18, 1, '2019-01-01', 1, 1, 2019, 'main', 37800, '2019-01-01 04:25:21', '2019-01-01 04:25:21'),
(19, 1, '2019-01-03', 3, 1, 2019, 'dec 2018 balance', 20307, '2019-01-02 23:36:31', '2019-01-02 23:36:31'),
(20, 1, '2019-02-01', 1, 2, 2019, 'Main', 37700, '2019-01-31 22:51:23', '2019-01-31 22:51:23'),
(21, 1, '2019-02-18', 18, 2, 2019, 'referral bonus', 1500, '2019-02-17 23:37:13', '2019-02-17 23:37:13'),
(22, 1, '2019-03-01', 1, 3, 2019, 'main', 37700, '2019-03-01 01:11:25', '2019-03-01 01:11:25'),
(23, 1, '2019-03-04', 4, 3, 2019, 'noel borrow paid', 5000, '2019-03-03 23:17:13', '2019-03-03 23:17:13'),
(24, 1, '2019-03-14', 14, 3, 2019, 'paypal', 7450, '2019-03-14 02:42:48', '2019-03-14 02:42:48'),
(25, 1, '2019-03-18', 18, 3, 2019, 'borrowed from allan', 1000, '2019-03-17 23:13:46', '2019-03-17 23:13:46'),
(26, 1, '2019-04-01', 1, 4, 2019, 'main', 37700, '2019-04-01 03:21:05', '2019-04-01 03:21:05'),
(27, 1, '2019-04-01', 1, 4, 2019, 'march balance', 8828, '2019-04-01 03:21:37', '2019-04-01 03:21:37'),
(28, 1, '2019-05-01', 1, 5, 2019, 'main', 37700, '2019-05-01 04:49:49', '2019-05-01 04:49:49'),
(29, 1, '2019-05-01', 1, 5, 2019, 'from paypal', 11000, '2019-05-01 05:12:51', '2019-05-01 05:12:51'),
(30, 1, '2019-05-10', 10, 5, 2019, 'from paypal', 45000, '2019-05-10 02:07:22', '2019-05-10 02:07:22'),
(31, 1, '2019-05-18', 18, 5, 2019, 'from paypal', 8000, '2019-05-18 01:37:36', '2019-05-18 01:37:36'),
(32, 1, '2019-06-01', 1, 6, 2019, 'main', 37700, '2019-06-01 13:47:35', '2019-06-01 13:47:35'),
(33, 1, '2019-06-05', 5, 6, 2019, 'from paypal', 7000, '2019-06-05 03:17:42', '2019-06-05 03:17:42'),
(34, 1, '2019-06-05', 5, 6, 2019, 'borrowed from lalay', 5000, '2019-06-05 06:12:17', '2019-06-05 06:12:17'),
(35, 1, '2019-06-14', 14, 6, 2019, 'from paypal', 4600, '2019-06-14 10:59:26', '2019-06-14 10:59:26'),
(36, 1, '2019-06-18', 18, 6, 2019, 'borrowed from lalay', 2000, '2019-06-18 04:41:54', '2019-06-18 04:41:54'),
(38, 1, '2019-07-01', 1, 7, 2019, 'from paypal', 5000, '2019-06-30 22:45:47', '2019-06-30 22:45:47'),
(40, 1, '2019-07-02', 2, 7, 2019, 'from Paypal', 2990, '2019-07-01 22:56:19', '2019-07-01 22:56:19'),
(41, 1, '2019-07-06', 6, 7, 2019, 'from paypal', 4000, '2019-07-06 11:46:46', '2019-07-06 11:46:46'),
(42, 1, '2019-07-12', 12, 7, 2019, 'from paypal', 3000, '2019-07-12 03:13:18', '2019-07-12 03:13:18'),
(43, 1, '2019-07-16', 16, 7, 2019, 'from paypal', 5000, '2019-07-15 22:37:54', '2019-07-15 22:37:54'),
(45, 1, '2019-07-25', 25, 7, 2019, 'from paypal', 2000, '2019-07-25 06:43:16', '2019-07-25 06:43:16'),
(48, 3, '2019-08-01', 1, 8, 2019, 'salary', 19000, '2019-07-30 07:58:47', '2019-07-30 07:58:47'),
(50, 1, '2019-07-01', 1, 7, 2019, 'main', 37700, '2019-07-30 23:08:39', '2019-07-30 23:08:39'),
(51, 1, '2019-08-01', 1, 8, 2019, 'main', 37820, '2019-07-30 23:09:06', '2019-07-30 23:09:06'),
(52, 1, '2019-08-11', 11, 8, 2019, 'borrowed from jhon', 3000, '2019-08-11 09:52:48', '2019-08-11 09:52:48'),
(53, 1, '2019-08-19', 19, 8, 2019, 'from paypal', 3000, '2019-08-18 23:59:10', '2019-08-18 23:59:10');

-- --------------------------------------------------------

--
-- Table structure for table `investments`
--

CREATE TABLE `investments` (
  `id` int(10) UNSIGNED NOT NULL,
  `full_date` date NOT NULL,
  `day` int(11) NOT NULL,
  `month` int(11) NOT NULL,
  `year` int(11) NOT NULL,
  `description` varchar(255) COLLATE utf8mb4_unicode_ci NOT NULL DEFAULT 'None',
  `value` int(11) NOT NULL DEFAULT '0',
  `created_at` timestamp NULL DEFAULT NULL,
  `updated_at` timestamp NULL DEFAULT NULL
) ENGINE=InnoDB DEFAULT CHARSET=utf8mb4 COLLATE=utf8mb4_unicode_ci;

--
-- Dumping data for table `investments`
--

INSERT INTO `investments` (`id`, `full_date`, `day`, `month`, `year`, `description`, `value`, `created_at`, `updated_at`) VALUES
(9, '2018-10-30', 30, 10, 2018, 'savings huluga', 2150, '2018-10-30 00:02:31', '2018-10-30 00:02:31'),
(10, '2018-10-30', 30, 10, 2018, 'house loan', 11000, '2018-10-30 00:25:24', '2018-10-30 00:25:24'),
(11, '2018-10-30', 30, 10, 2018, 'car loan', 4000, '2018-10-30 00:25:35', '2018-10-30 00:25:35'),
(12, '2018-11-01', 1, 11, 2018, 'House loan', 11000, '2018-11-01 12:36:31', '2018-11-01 12:36:31'),
(13, '2018-11-08', 8, 11, 2018, 'savings/huluga', 880, '2018-11-08 13:40:49', '2018-11-08 13:40:49'),
(14, '2018-11-20', 20, 11, 2018, 'vitamins', 1350, '2018-11-19 22:56:27', '2018-11-19 22:56:27'),
(15, '2018-12-01', 1, 12, 2018, 'house loan', 11000, '2018-12-01 03:32:23', '2018-12-01 03:32:23'),
(17, '2018-12-01', 1, 12, 2018, 'car loan', 4000, '2018-12-01 03:34:04', '2018-12-01 03:34:04'),
(18, '2018-12-06', 6, 12, 2018, 'monthly huluga savings', 880, '2018-12-06 13:00:33', '2018-12-06 13:00:33'),
(20, '2019-01-01', 1, 1, 2019, 'Car loan', 4000, '2019-01-01 04:25:32', '2019-01-01 04:25:32'),
(21, '2019-01-02', 2, 1, 2019, 'house loan', 11000, '2019-01-02 03:47:32', '2019-01-02 03:47:32'),
(22, '2019-01-02', 2, 1, 2019, 'savings huluga', 1100, '2019-01-02 03:47:51', '2019-01-02 03:47:51'),
(23, '2019-02-01', 1, 2, 2019, 'House loan', 11000, '2019-01-31 22:50:59', '2019-01-31 22:50:59'),
(24, '2019-02-01', 1, 2, 2019, 'Car loan', 4000, '2019-01-31 22:51:12', '2019-01-31 22:51:12'),
(25, '2019-02-06', 6, 2, 2019, 'gym', 1500, '2019-02-06 01:33:34', '2019-02-06 01:33:34'),
(26, '2019-02-07', 7, 2, 2019, 'savings huluga', 220, '2019-02-06 23:01:19', '2019-02-06 23:01:19'),
(27, '2019-03-04', 4, 3, 2019, 'house loan', 11000, '2019-03-03 23:16:32', '2019-03-03 23:16:32'),
(28, '2019-03-04', 4, 3, 2019, 'car loan', 4000, '2019-03-03 23:16:41', '2019-03-03 23:16:41'),
(29, '2019-03-18', 18, 3, 2019, 'gym', 1000, '2019-03-18 01:35:35', '2019-03-18 01:35:35'),
(30, '2019-04-02', 2, 4, 2019, 'House Loan', 11000, '2019-04-01 22:37:31', '2019-04-01 22:37:31'),
(31, '2019-04-02', 2, 4, 2019, 'Car loan', 4000, '2019-04-01 22:37:38', '2019-04-01 22:37:38'),
(32, '2019-04-02', 2, 4, 2019, 'for lolo', 400, '2019-04-01 22:37:56', '2019-04-01 22:37:56'),
(33, '2019-05-02', 2, 5, 2019, 'house loan', 11000, '2019-05-02 11:07:26', '2019-05-02 11:07:26'),
(34, '2019-05-02', 2, 5, 2019, 'car loan', 4000, '2019-05-02 11:07:33', '2019-05-02 11:07:33'),
(35, '2019-06-01', 1, 6, 2019, 'house loan', 11000, '2019-06-01 13:55:42', '2019-06-01 13:55:42'),
(36, '2019-06-01', 1, 6, 2019, 'car loan', 4000, '2019-06-01 13:55:53', '2019-06-01 13:55:53'),
(37, '2019-06-01', 1, 6, 2019, 'macbook air loan', 1000, '2019-06-01 13:56:07', '2019-06-01 13:56:07');

-- --------------------------------------------------------

--
-- Table structure for table `migrations`
--

CREATE TABLE `migrations` (
  `id` int(10) UNSIGNED NOT NULL,
  `migration` varchar(255) COLLATE utf8mb4_unicode_ci NOT NULL,
  `batch` int(11) NOT NULL
) ENGINE=InnoDB DEFAULT CHARSET=utf8mb4 COLLATE=utf8mb4_unicode_ci;

--
-- Dumping data for table `migrations`
--

INSERT INTO `migrations` (`id`, `migration`, `batch`) VALUES
(1, '2014_10_12_000000_create_users_table', 1),
(2, '2014_10_12_100000_create_password_resets_table', 1),
(3, '2017_12_30_023400_create_expenses_categories_table', 1),
(4, '2018_01_06_124127_create_expenses_table', 1),
(5, '2018_10_05_235501_create_investments_table', 1),
(6, '2018_10_05_235553_create_income_table', 1),
(7, '2018_11_03_024826_create_category_table', 2);

-- --------------------------------------------------------

--
-- Table structure for table `password_resets`
--

CREATE TABLE `password_resets` (
  `email` varchar(255) COLLATE utf8mb4_unicode_ci NOT NULL,
  `token` varchar(255) COLLATE utf8mb4_unicode_ci NOT NULL,
  `created_at` timestamp NULL DEFAULT NULL
) ENGINE=InnoDB DEFAULT CHARSET=utf8mb4 COLLATE=utf8mb4_unicode_ci;

-- --------------------------------------------------------

--
-- Table structure for table `users`
--

CREATE TABLE `users` (
  `id` int(10) UNSIGNED NOT NULL,
  `name` varchar(255) COLLATE utf8mb4_unicode_ci NOT NULL,
  `email` varchar(255) COLLATE utf8mb4_unicode_ci NOT NULL,
  `password` varchar(255) COLLATE utf8mb4_unicode_ci NOT NULL,
  `created_at` timestamp NULL DEFAULT NULL,
  `updated_at` timestamp NULL DEFAULT NULL
) ENGINE=InnoDB DEFAULT CHARSET=utf8mb4 COLLATE=utf8mb4_unicode_ci;

--
-- Dumping data for table `users`
--

INSERT INTO `users` (`id`, `name`, `email`, `password`, `created_at`, `updated_at`) VALUES
(1, 'Jeamar Libres', 'jeamar1234@gmail.com', 'ccffad01c10510587413ac7faf7c6e6c', NULL, NULL),
(2, 'ma. hazel alvarez', 'sslezahalvarez@gmail.com', 'c36a8672944a26420a6851c9c1cc5611', '2019-07-07 05:56:17', '2019-07-07 05:56:17'),
(3, 'Noelou Jan Altarejos Nagac', 'largakauswagan@gmail.com', 'bb6aa89e220fe6dc42a881a8584c10e9', '2019-07-18 03:28:52', '2019-07-18 03:28:52'),
(4, 'Mark Canino', 'nicoleandmj04@gmail.com', '73c3e8840fbf64069e2dec5bbbacaee5', '2019-07-28 13:38:18', '2019-07-28 13:38:18'),
(5, 'Shiely', 'redshiely@gmail.com', '2ccb3dd497d7df8fcf5902323a6189d7', '2019-08-14 05:39:34', '2019-08-14 05:39:34');

--
-- Indexes for dumped tables
--

--
-- Indexes for table `category`
--
ALTER TABLE `category`
  ADD PRIMARY KEY (`id`);

--
-- Indexes for table `expenses`
--
ALTER TABLE `expenses`
  ADD PRIMARY KEY (`id`);

--
-- Indexes for table `income`
--
ALTER TABLE `income`
  ADD PRIMARY KEY (`id`);

--
-- Indexes for table `investments`
--
ALTER TABLE `investments`
  ADD PRIMARY KEY (`id`);

--
-- Indexes for table `migrations`
--
ALTER TABLE `migrations`
  ADD PRIMARY KEY (`id`);

--
-- Indexes for table `users`
--
ALTER TABLE `users`
  ADD PRIMARY KEY (`id`);

--
-- AUTO_INCREMENT for dumped tables
--

--
-- AUTO_INCREMENT for table `category`
--
ALTER TABLE `category`
  MODIFY `id` int(10) UNSIGNED NOT NULL AUTO_INCREMENT, AUTO_INCREMENT=5;
--
-- AUTO_INCREMENT for table `expenses`
--
ALTER TABLE `expenses`
  MODIFY `id` int(10) UNSIGNED NOT NULL AUTO_INCREMENT, AUTO_INCREMENT=1967;
--
-- AUTO_INCREMENT for table `income`
--
ALTER TABLE `income`
  MODIFY `id` int(10) UNSIGNED NOT NULL AUTO_INCREMENT, AUTO_INCREMENT=54;
--
-- AUTO_INCREMENT for table `investments`
--
ALTER TABLE `investments`
  MODIFY `id` int(10) UNSIGNED NOT NULL AUTO_INCREMENT, AUTO_INCREMENT=38;
--
-- AUTO_INCREMENT for table `migrations`
--
ALTER TABLE `migrations`
  MODIFY `id` int(10) UNSIGNED NOT NULL AUTO_INCREMENT, AUTO_INCREMENT=8;
--
-- AUTO_INCREMENT for table `users`
--
ALTER TABLE `users`
  MODIFY `id` int(10) UNSIGNED NOT NULL AUTO_INCREMENT, AUTO_INCREMENT=6;
/*!40101 SET CHARACTER_SET_CLIENT=@OLD_CHARACTER_SET_CLIENT */;
/*!40101 SET CHARACTER_SET_RESULTS=@OLD_CHARACTER_SET_RESULTS */;
/*!40101 SET COLLATION_CONNECTION=@OLD_COLLATION_CONNECTION */;
